疾病,证候,症状,,,,,,,,,,,,,,,,,,,,,,
胃痛[病],,胃脘近心窝处疼痛,,,,,,,,,,,,,,,,,,,,,,
胃痛,寒邪犯胃证,胃脘冷痛,,,,,,,,,,,,,,,,,,,,,,
胃痛,寒邪犯胃证,痛势急剧,,,,,,,,,,,,,,,,,,,,,,
胃痛,寒邪犯胃证,畏寒喜暖,,,,,,,,,,,,,,,,,,,,,,
胃痛,寒邪犯胃证,得热痛减,,,,,,,,,,,,,,,,,,,,,,
胃痛,寒邪犯胃证,口不渴,,,,,,,,,,,,,,,,,,,,,,
胃痛,寒邪犯胃证,喜热饮,,,,,,,,,,,,,,,,,,,,,,
胃痛,寒邪犯胃证,呕吐清水,,,,,,,,,,,,,,,,,,,,,,
胃痛,寒邪犯胃证,畏寒肢冷,,,,,,,,,,,,,,,,,,,,,,
胃痛,寒邪犯胃证,苔白,,,,,,,,,,,,,,,,,,,,,,
胃痛,寒邪犯胃证,脉弦数,,,,,,,,,,,,,,,,,,,,,,
胃痛,食积证,脘腹痞胀,,,,,,,,,,,,,,,,,,,,,,
胃痛,食积证,疼痛拒按,,,,,,,,,,,,,,,,,,,,,,
胃痛,食积证,厌食,,,,,,,,,,,,,,,,,,,,,,
胃痛,食积证,嗳腐吞酸,,,,,,,,,,,,,,,,,,,,,,
胃痛,食积证,呕吐馊食,,,,,,,,,,,,,,,,,,,,,,
胃痛,食积证,肠鸣矢气,,,,,,,,,,,,,,,,,,,,,,
胃痛,食积证,泻下不爽,,,,,,,,,,,,,,,,,,,,,,
胃痛,食积证,臭如败卵,,,,,,,,,,,,,,,,,,,,,,
胃痛,食积证,苔厚腻,,,,,,,,,,,,,,,,,,,,,,
胃痛,食积证,脉滑或沉实,,,,,,,,,,,,,,,,,,,,,,
胃痛,肝气犯胃证,胃脘胀满,,,,,,,,,,,,,,,,,,,,,,
胃痛,肝气犯胃证,攻撑作痛,,,,,,,,,,,,,,,,,,,,,,
胃痛,肝气犯胃证,脘痛连胁,,,,,,,,,,,,,,,,,,,,,,
胃痛,肝气犯胃证,胸闷嗳气,,,,,,,,,,,,,,,,,,,,,,
胃痛,肝气犯胃证,喜太息,,,,,,,,,,,,,,,,,,,,,,
胃痛,肝气犯胃证,大便不畅,,,,,,,,,,,,,,,,,,,,,,
胃痛,肝气犯胃证,得嗳气、矢气则舒,,,,,,,,,,,,,,,,,,,,,,
胃痛,肝气犯胃证,遇烦恼郁怒则痛甚,,,,,,,,,,,,,,,,,,,,,,
胃痛,肝气犯胃证,苔薄白,,,,,,,,,,,,,,,,,,,,,,
胃痛,肝气犯胃证,脉弦,,,,,,,,,,,,,,,,,,,,,,
胃痛,肝胃郁热证,胃脘灼痛,,,,,,,,,,,,,,,,,,,,,,
胃痛,肝胃郁热证,痛势急迫,,,,,,,,,,,,,,,,,,,,,,
胃痛,肝胃郁热证,心烦易怒,,,,,,,,,,,,,,,,,,,,,,
胃痛,肝胃郁热证,泛酸嘈杂,,,,,,,,,,,,,,,,,,,,,,
胃痛,肝胃郁热证,口干口苦,,,,,,,,,,,,,,,,,,,,,,
胃痛,肝胃郁热证,舌红,,,,,,,,,,,,,,,,,,,,,,
胃痛,肝胃郁热证,苔黄,,,,,,,,,,,,,,,,,,,,,,
胃痛,肝胃郁热证,脉弦数,,,,,,,,,,,,,,,,,,,,,,
胃痛,胃火炽盛证,胃痛急迫,,,,,,,,,,,,,,,,,,,,,,
胃痛,胃火炽盛证,痞满胀痛,,,,,,,,,,,,,,,,,,,,,,
胃痛,胃火炽盛证,嘈杂吐酸,,,,,,,,,,,,,,,,,,,,,,
胃痛,胃火炽盛证,心烦口干,,,,,,,,,,,,,,,,,,,,,,
胃痛,胃火炽盛证,口苦,,,,,,,,,,,,,,,,,,,,,,
胃痛,胃火炽盛证,舌红,,,,,,,,,,,,,,,,,,,,,,
胃痛,胃火炽盛证,苔黄或腻,,,,,,,,,,,,,,,,,,,,,,
胃痛,胃火炽盛证,脉数,,,,,,,,,,,,,,,,,,,,,,
胃痛,瘀阻胃络证,胃脘刺痛,,,,,,,,,,,,,,,,,,,,,,
胃痛,瘀阻胃络证,痛处固定,,,,,,,,,,,,,,,,,,,,,,
胃痛,瘀阻胃络证,拒按,,,,,,,,,,,,,,,,,,,,,,
胃痛,瘀阻胃络证,胃脘触及包块,,,,,,,,,,,,,,,,,,,,,,
胃痛,瘀阻胃络证,呕血色暗成块,,,,,,,,,,,,,,,,,,,,,,
胃痛,瘀阻胃络证,舌紫暗,,,,,,,,,,,,,,,,,,,,,,
胃痛,瘀阻胃络证,有瘀斑,,,,,,,,,,,,,,,,,,,,,,
胃痛,瘀阻胃络证,脉弦涩,,,,,,,,,,,,,,,,,,,,,,
胃痛,湿热中阻证,胃脘疼痛,,,,,,,,,,,,,,,,,,,,,,
胃痛,湿热中阻证,嘈杂灼热,,,,,,,,,,,,,,,,,,,,,,
胃痛,湿热中阻证,口干口苦而黏,,,,,,,,,,,,,,,,,,,,,,
胃痛,湿热中阻证,渴不欲饮,,,,,,,,,,,,,,,,,,,,,,
胃痛,湿热中阻证,头重如裹,,,,,,,,,,,,,,,,,,,,,,
胃痛,湿热中阻证,身重肢倦,,,,,,,,,,,,,,,,,,,,,,
胃痛,湿热中阻证,纳呆恶心,,,,,,,,,,,,,,,,,,,,,,
胃痛,湿热中阻证,小溲色黄,,,,,,,,,,,,,,,,,,,,,,
胃痛,湿热中阻证,大便不畅,,,,,,,,,,,,,,,,,,,,,,
胃痛,湿热中阻证,苔黄腻,,,,,,,,,,,,,,,,,,,,,,
胃痛,湿热中阻证,脉象滑,,,,,,,,,,,,,,,,,,,,,,
胃痛,痰湿内积证,胃脘疼痛,,,,,,,,,,,,,,,,,,,,,,
胃痛,痰湿内积证,恶心,,,,,,,,,,,,,,,,,,,,,,
胃痛,痰湿内积证,烦满,,,,,,,,,,,,,,,,,,,,,,
胃痛,痰湿内积证,吐酸,,,,,,,,,,,,,,,,,,,,,,
胃痛,痰湿内积证,脉滑,,,,,,,,,,,,,,,,,,,,,,
胃痛,痰湿内积证,苔腻,,,,,,,,,,,,,,,,,,,,,,
胃痛,脾胃阴虚证,胃脘隐隐灼痛,,,,,,,,,,,,,,,,,,,,,,
胃痛,脾胃阴虚证,似饥而不欲食,,,,,,,,,,,,,,,,,,,,,,
胃痛,脾胃阴虚证,口燥咽干,,,,,,,,,,,,,,,,,,,,,,
胃痛,脾胃阴虚证,五心烦热,,,,,,,,,,,,,,,,,,,,,,
胃痛,脾胃阴虚证,消瘦乏力,,,,,,,,,,,,,,,,,,,,,,
胃痛,脾胃阴虚证,口渴思饮,,,,,,,,,,,,,,,,,,,,,,
胃痛,脾胃阴虚证,大便干结,,,,,,,,,,,,,,,,,,,,,,
胃痛,脾胃阴虚证,舌红少津,,,,,,,,,,,,,,,,,,,,,,
胃痛,脾胃阴虚证,脉细,,,,,,,,,,,,,,,,,,,,,,
胃痛,脾胃虚寒证,腹胀,,,,,,,,,,,,,,,,,,,,,,
胃痛,脾胃虚寒证,食少,,,,,,,,,,,,,,,,,,,,,,
胃痛,脾胃虚寒证,胃脘隐隐作痛,,,,,,,,,,,,,,,,,,,,,,
胃痛,脾胃虚寒证,绵绵不断,,,,,,,,,,,,,,,,,,,,,,
胃痛,脾胃虚寒证,喜温喜按,,,,,,,,,,,,,,,,,,,,,,
胃痛,脾胃虚寒证,畏寒肢冷,,,,,,,,,,,,,,,,,,,,,,
胃痛,脾胃虚寒证,大便稀溏,,,,,,,,,,,,,,,,,,,,,,
胃痛,脾胃虚寒证,舌淡,,,,,,,,,,,,,,,,,,,,,,
胃痛,脾胃虚寒证,苔白润,,,,,,,,,,,,,,,,,,,,,,
胃痛,脾胃虚寒证,脉沉迟无力,,,,,,,,,,,,,,,,,,,,,,
吐酸[病],,泛吐酸水,,,,,,,,,,,,,,,,,,,,,,
吐酸,热证,吞酸时作,,,,,,,,,,,,,,,,,,,,,,
吐酸,热证,嗳腐气秽,,,,,,,,,,,,,,,,,,,,,,
吐酸,热证,胃脘闷胀,,,,,,,,,,,,,,,,,,,,,,
吐酸,热证,两胁胀满,,,,,,,,,,,,,,,,,,,,,,
吐酸,热证,心烦易怒,,,,,,,,,,,,,,,,,,,,,,
吐酸,热证,咽干口渴,,,,,,,,,,,,,,,,,,,,,,
吐酸,热证,大便干结,,,,,,,,,,,,,,,,,,,,,,
吐酸,热证,舌红,,,,,,,,,,,,,,,,,,,,,,
吐酸,热证,苔黄,,,,,,,,,,,,,,,,,,,,,,
吐酸,热证,脉弦数,,,,,,,,,,,,,,,,,,,,,,
吐酸,寒证,吐酸时作,,,,,,,,,,,,,,,,,,,,,,
吐酸,寒证,嗳气酸腐,,,,,,,,,,,,,,,,,,,,,,
吐酸,寒证,胸脘胀闷,,,,,,,,,,,,,,,,,,,,,,
吐酸,寒证,喜唾涎沫,,,,,,,,,,,,,,,,,,,,,,
吐酸,寒证,饮食喜热,,,,,,,,,,,,,,,,,,,,,,
吐酸,寒证,四肢不温,,,,,,,,,,,,,,,,,,,,,,
吐酸,寒证,大便溏薄,,,,,,,,,,,,,,,,,,,,,,
吐酸,寒证,舌淡,,,,,,,,,,,,,,,,,,,,,,
吐酸,寒证,苔白,,,,,,,,,,,,,,,,,,,,,,
吐酸,寒证,脉沉迟,,,,,,,,,,,,,,,,,,,,,,
嘈杂[病],,自觉胃中空虚,,,,,,,,,,,,,,,,,,,,,,
嘈杂,胃热证,嘈杂而兼恶心吐酸,,,,,,,,,,,,,,,,,,,,,,
嘈杂,胃热证,口渴喜冷,,,,,,,,,,,,,,,,,,,,,,
嘈杂,胃热证,口臭心烦,,,,,,,,,,,,,,,,,,,,,,
嘈杂,胃热证,脘闷痰多,,,,,,,,,,,,,,,,,,,,,,
嘈杂,胃热证,多食易饥,,,,,,,,,,,,,,,,,,,,,,
嘈杂,胃热证,似饥非饥,,,,,,,,,,,,,,,,,,,,,,
嘈杂,胃热证,舌红,,,,,,,,,,,,,,,,,,,,,,
嘈杂,胃热证,苔黄干,,,,,,,,,,,,,,,,,,,,,,
嘈杂,胃热证,脉滑数,,,,,,,,,,,,,,,,,,,,,,
嘈杂,胃气虚证,嘈杂时作时止,,,,,,,,,,,,,,,,,,,,,,
嘈杂,胃气虚证,口淡无味,,,,,,,,,,,,,,,,,,,,,,
嘈杂,胃气虚证,食后脘胀,,,,,,,,,,,,,,,,,,,,,,
嘈杂,胃气虚证,体倦乏力,,,,,,,,,,,,,,,,,,,,,,
嘈杂,胃气虚证,舌淡,,,,,,,,,,,,,,,,,,,,,,
嘈杂,胃气虚证,脉虚,,,,,,,,,,,,,,,,,,,,,,
嘈杂,胃阴虚证,嘈杂而兼口干舌燥,,,,,,,,,,,,,,,,,,,,,,
嘈杂,胃阴虚证,不思饮食,,,,,,,,,,,,,,,,,,,,,,
嘈杂,胃阴虚证,知饥不食,,,,,,,,,,,,,,,,,,,,,,
嘈杂,胃阴虚证,食后饱胀,,,,,,,,,,,,,,,,,,,,,,
嘈杂,胃阴虚证,大便干燥,,,,,,,,,,,,,,,,,,,,,,
嘈杂,胃阴虚证,舌质红,,,,,,,,,,,,,,,,,,,,,,
嘈杂,胃阴虚证,少苔或无苔,,,,,,,,,,,,,,,,,,,,,,
嘈杂,胃阴虚证,脉细数,,,,,,,,,,,,,,,,,,,,,,
嘈杂,血虚证,面色淡白或萎黄,,,,,,,,,,,,,,,,,,,,,,
嘈杂,血虚证,唇、甲淡白,,,,,,,,,,,,,,,,,,,,,,
嘈杂,血虚证,头晕眼花,,,,,,,,,,,,,,,,,,,,,,
嘈杂,血虚证,心悸多梦,,,,,,,,,,,,,,,,,,,,,,
嘈杂,血虚证,记忆力弱,,,,,,,,,,,,,,,,,,,,,,
嘈杂,血虚证,手足发麻,,,,,,,,,,,,,,,,,,,,,,
嘈杂,血虚证,妇女经少经闭,,,,,,,,,,,,,,,,,,,,,,
嘈杂,血虚证,舌淡,,,,,,,,,,,,,,,,,,,,,,
嘈杂,血虚证,脉细,,,,,,,,,,,,,,,,,,,,,,
嗳气[病],,气从胃中上逆 出咽喉而发出声音 声长而缓,,,,,,,,,,,,,,,,,,,,,,
嗳气,食积证,食后嗳气频作,,,,,,,,,,,,,,,,,,,,,,
嗳气,食积证,气味酸腐而臭,,,,,,,,,,,,,,,,,,,,,,
嗳气,食积证,胸脘痞闷,,,,,,,,,,,,,,,,,,,,,,
嗳气,食积证,腹中饱胀,,,,,,,,,,,,,,,,,,,,,,
嗳气,食积证,恶心呕吐,,,,,,,,,,,,,,,,,,,,,,
嗳气,食积证,腹痛不适,,,,,,,,,,,,,,,,,,,,,,
嗳气,食积证,大便臭秽溏泻,,,,,,,,,,,,,,,,,,,,,,
嗳气,食积证,便秘不通,,,,,,,,,,,,,,,,,,,,,,
嗳气,食积证,苔厚腻,,,,,,,,,,,,,,,,,,,,,,
嗳气,食积证,脉滑,,,,,,,,,,,,,,,,,,,,,,
嗳气,胃中痰火证,嗳气胸闷,,,,,,,,,,,,,,,,,,,,,,
嗳气,胃中痰火证,口渴唇干,,,,,,,,,,,,,,,,,,,,,,
嗳气,胃中痰火证,呕吐痰涎,,,,,,,,,,,,,,,,,,,,,,
嗳气,胃中痰火证,咳嗽痰质黏稠,,,,,,,,,,,,,,,,,,,,,,
嗳气,胃中痰火证,舌红,,,,,,,,,,,,,,,,,,,,,,
嗳气,胃中痰火证,苔黄腻,,,,,,,,,,,,,,,,,,,,,,
嗳气,胃中痰火证,脉滑数,,,,,,,,,,,,,,,,,,,,,,
嗳气,肝胃不和证,嗳气时作,,,,,,,,,,,,,,,,,,,,,,
嗳气,肝胃不和证,胸胁满闷不舒,,,,,,,,,,,,,,,,,,,,,,
嗳气,肝胃不和证,嗳后稍减,,,,,,,,,,,,,,,,,,,,,,
嗳气,肝胃不和证,腹胀,,,,,,,,,,,,,,,,,,,,,,
嗳气,肝胃不和证,不思饮食,,,,,,,,,,,,,,,,,,,,,,
嗳气,肝胃不和证,精神抑郁而不畅,,,,,,,,,,,,,,,,,,,,,,
嗳气,肝胃不和证,常因精神刺激诱发或加重,,,,,,,,,,,,,,,,,,,,,,
嗳气,肝胃不和证,苔薄腻,,,,,,,,,,,,,,,,,,,,,,
嗳气,肝胃不和证,脉弦,,,,,,,,,,,,,,,,,,,,,,
嗳气,脾胃虚寒证,嗳气时作时止,,,,,,,,,,,,,,,,,,,,,,
嗳气,脾胃虚寒证,嗳声低弱,,,,,,,,,,,,,,,,,,,,,,
嗳气,脾胃虚寒证,食欲不振,,,,,,,,,,,,,,,,,,,,,,
嗳气,脾胃虚寒证,神疲乏力,,,,,,,,,,,,,,,,,,,,,,
嗳气,脾胃虚寒证,四肢不温,,,,,,,,,,,,,,,,,,,,,,
嗳气,脾胃虚寒证,面色少华,,,,,,,,,,,,,,,,,,,,,,
嗳气,脾胃虚寒证,泛吐清水,,,,,,,,,,,,,,,,,,,,,,
嗳气,脾胃虚寒证,舌淡,,,,,,,,,,,,,,,,,,,,,,
嗳气,脾胃虚寒证,苔白润,,,,,,,,,,,,,,,,,,,,,,
嗳气,脾胃虚寒证,脉迟,,,,,,,,,,,,,,,,,,,,,,
嗳气,胃阴虚证,嗳气时发,,,,,,,,,,,,,,,,,,,,,,
嗳气,胃阴虚证,口干喜饮,,,,,,,,,,,,,,,,,,,,,,
嗳气,胃阴虚证,夜寐欠安,,,,,,,,,,,,,,,,,,,,,,
嗳气,胃阴虚证,头晕耳鸣,,,,,,,,,,,,,,,,,,,,,,
嗳气,胃阴虚证,心悸,,,,,,,,,,,,,,,,,,,,,,
嗳气,胃阴虚证,舌质红,,,,,,,,,,,,,,,,,,,,,,
嗳气,胃阴虚证,苔薄黄,,,,,,,,,,,,,,,,,,,,,,
嗳气,胃阴虚证,脉细弦,,,,,,,,,,,,,,,,,,,,,,
嗳气,胃阴虚证,胃脘部痞塞,,,,,,,,,,,,,,,,,,,,,,
嗳气,胃阴虚证,满闷不舒,,,,,,,,,,,,,,,,,,,,,,
嗳气,胃阴虚证,触之无形,,,,,,,,,,,,,,,,,,,,,,
嗳气,胃阴虚证,按之柔软,,,,,,,,,,,,,,,,,,,,,,
嗳气,胃阴虚证,压之无痛,,,,,,,,,,,,,,,,,,,,,,
痞满,邪热内陷证,胃脘痞满,,,,,,,,,,,,,,,,,,,,,,
痞满,邪热内陷证,灼热急迫,,,,,,,,,,,,,,,,,,,,,,
痞满,邪热内陷证,按之满甚,,,,,,,,,,,,,,,,,,,,,,
痞满,邪热内陷证,心中烦热,,,,,,,,,,,,,,,,,,,,,,
痞满,邪热内陷证,咽干口燥,,,,,,,,,,,,,,,,,,,,,,
痞满,邪热内陷证,渴喜饮冷,,,,,,,,,,,,,,,,,,,,,,
痞满,邪热内陷证,身热汗出,,,,,,,,,,,,,,,,,,,,,,
痞满,邪热内陷证,大便干结,,,,,,,,,,,,,,,,,,,,,,
痞满,邪热内陷证,小便短赤,,,,,,,,,,,,,,,,,,,,,,
痞满,邪热内陷证,舌红,,,,,,,,,,,,,,,,,,,,,,
痞满,邪热内陷证,苔黄,,,,,,,,,,,,,,,,,,,,,,
痞满,邪热内陷证,脉滑,,,,,,,,,,,,,,,,,,,,,,
痞满,痰湿中阻证,脘腹痞塞不舒,,,,,,,,,,,,,,,,,,,,,,
痞满,痰湿中阻证,胸膈满闷,,,,,,,,,,,,,,,,,,,,,,
痞满,痰湿中阻证,头晕目眩,,,,,,,,,,,,,,,,,,,,,,
痞满,痰湿中阻证,身重倦怠,,,,,,,,,,,,,,,,,,,,,,
痞满,痰湿中阻证,呕恶纳呆,,,,,,,,,,,,,,,,,,,,,,
痞满,痰湿中阻证,口淡不渴,,,,,,,,,,,,,,,,,,,,,,
痞满,痰湿中阻证,小便不利,,,,,,,,,,,,,,,,,,,,,,
痞满,痰湿中阻证,苔白厚腻,,,,,,,,,,,,,,,,,,,,,,
痞满,痰湿中阻证,脉沉滑,,,,,,,,,,,,,,,,,,,,,,
痞满,湿热中阻证,脘腹痞闷,,,,,,,,,,,,,,,,,,,,,,
痞满,湿热中阻证,嘈杂不舒,,,,,,,,,,,,,,,,,,,,,,
痞满,湿热中阻证,恶心呕吐,,,,,,,,,,,,,,,,,,,,,,
痞满,湿热中阻证,口干不欲饮,,,,,,,,,,,,,,,,,,,,,,
痞满,湿热中阻证,口苦,,,,,,,,,,,,,,,,,,,,,,
痞满,湿热中阻证,纳少,,,,,,,,,,,,,,,,,,,,,,
痞满,湿热中阻证,舌红,,,,,,,,,,,,,,,,,,,,,,
痞满,湿热中阻证,苔黄腻,,,,,,,,,,,,,,,,,,,,,,
痞满,湿热中阻证,脉滑数,,,,,,,,,,,,,,,,,,,,,,
痞满,肝胃不和证,胃脘、胁肋胀满疼痛,,,,,,,,,,,,,,,,,,,,,,
痞满,肝胃不和证,嗳气,,,,,,,,,,,,,,,,,,,,,,
痞满,肝胃不和证,呃逆,,,,,,,,,,,,,,,,,,,,,,
痞满,肝胃不和证,吞酸,,,,,,,,,,,,,,,,,,,,,,
痞满,肝胃不和证,精神抑郁,,,,,,,,,,,,,,,,,,,,,,
痞满,肝胃不和证,心烦易怒,,,,,,,,,,,,,,,,,,,,,,
痞满,肝胃不和证,善太息,,,,,,,,,,,,,,,,,,,,,,
痞满,肝胃不和证,纳呆,,,,,,,,,,,,,,,,,,,,,,
痞满,肝胃不和证,大便不爽,,,,,,,,,,,,,,,,,,,,,,
痞满,肝胃不和证,苔薄黄,,,,,,,,,,,,,,,,,,,,,,
痞满,肝胃不和证,脉弦,,,,,,,,,,,,,,,,,,,,,,
痞满,饮食停滞证,脘腹满闷,,,,,,,,,,,,,,,,,,,,,,
痞满,饮食停滞证,痞塞不舒,,,,,,,,,,,,,,,,,,,,,,
痞满,饮食停滞证,嗳腐吞酸,,,,,,,,,,,,,,,,,,,,,,
痞满,饮食停滞证,恶心呕吐,,,,,,,,,,,,,,,,,,,,,,
痞满,饮食停滞证,厌食,,,,,,,,,,,,,,,,,,,,,,
痞满,饮食停滞证,大便不调,,,,,,,,,,,,,,,,,,,,,,
痞满,饮食停滞证,苔厚腻,,,,,,,,,,,,,,,,,,,,,,
痞满,饮食停滞证,脉弦滑,,,,,,,,,,,,,,,,,,,,,,
痞满,饮食停滞证,按之尤甚,,,,,,,,,,,,,,,,,,,,,,
痞满,脾胃气虚证,脘腹痞闷,,,,,,,,,,,,,,,,,,,,,,
痞满,脾胃气虚证,时缓时急,,,,,,,,,,,,,,,,,,,,,,
痞满,脾胃气虚证,喜温喜按,,,,,,,,,,,,,,,,,,,,,,
痞满,脾胃气虚证,得温则舒,,,,,,,,,,,,,,,,,,,,,,
痞满,脾胃气虚证,不知饥,,,,,,,,,,,,,,,,,,,,,,
痞满,脾胃气虚证,不欲食,,,,,,,,,,,,,,,,,,,,,,
痞满,脾胃气虚证,身倦乏力,,,,,,,,,,,,,,,,,,,,,,
痞满,脾胃气虚证,四肢不温,,,,,,,,,,,,,,,,,,,,,,
痞满,脾胃气虚证,少气懒言,,,,,,,,,,,,,,,,,,,,,,
痞满,脾胃气虚证,大便溏薄,,,,,,,,,,,,,,,,,,,,,,
痞满,脾胃气虚证,舌淡,,,,,,,,,,,,,,,,,,,,,,
痞满,脾胃气虚证,苔薄白,,,,,,,,,,,,,,,,,,,,,,
痞满,脾胃气虚证,脉沉弱,,,,,,,,,,,,,,,,,,,,,,
痞满,胃阴虚证,脘腹痞闷,,,,,,,,,,,,,,,,,,,,,,
痞满,胃阴虚证,嘈杂,,,,,,,,,,,,,,,,,,,,,,
痞满,胃阴虚证,饥不欲食,,,,,,,,,,,,,,,,,,,,,,
痞满,胃阴虚证,恶心嗳气,,,,,,,,,,,,,,,,,,,,,,
痞满,胃阴虚证,口燥咽干,,,,,,,,,,,,,,,,,,,,,,
痞满,胃阴虚证,大便秘结,,,,,,,,,,,,,,,,,,,,,,
痞满,胃阴虚证,舌红,,,,,,,,,,,,,,,,,,,,,,
痞满,胃阴虚证,少苔,,,,,,,,,,,,,,,,,,,,,,
痞满,胃阴虚证,脉细数,,,,,,,,,,,,,,,,,,,,,,
胃胀,胃阴虚证,长期脘腹痞胀作痛、嘈杂,,,,,,,,,,,,,,,,,,,,,,
胃缓,胃阴虚证,脘腹坠胀作痛 食后或站立时为甚,,,,,,,,,,,,,,,,,,,,,,
胃缓,脾虚气陷证,面色萎黄,,,,,,,,,,,,,,,,,,,,,,
胃缓,脾虚气陷证,精神倦怠,,,,,,,,,,,,,,,,,,,,,,
胃缓,脾虚气陷证,不思饮食,,,,,,,,,,,,,,,,,,,,,,
胃缓,脾虚气陷证,食后脘腹痞满,,,,,,,,,,,,,,,,,,,,,,
胃缓,脾虚气陷证,嗳气不舒,,,,,,,,,,,,,,,,,,,,,,
胃缓,脾虚气陷证,腹胀而坠,,,,,,,,,,,,,,,,,,,,,,
胃缓,脾虚气陷证,呕吐清水痰涎,,,,,,,,,,,,,,,,,,,,,,
胃缓,脾虚气陷证,肌肉瘦弱,,,,,,,,,,,,,,,,,,,,,,
胃缓,脾虚气陷证,舌淡,,,,,,,,,,,,,,,,,,,,,,
胃缓,脾虚气陷证,苔白,,,,,,,,,,,,,,,,,,,,,,
胃缓,脾虚气陷证,脉缓弱,,,,,,,,,,,,,,,,,,,,,,
胃缓,胃阴虚证,面色略红,,,,,,,,,,,,,,,,,,,,,,
胃缓,胃阴虚证,唇红而燥,,,,,,,,,,,,,,,,,,,,,,
胃缓,胃阴虚证,口苦口臭,,,,,,,,,,,,,,,,,,,,,,
胃缓,胃阴虚证,烦渴喜饮,,,,,,,,,,,,,,,,,,,,,,
胃缓,胃阴虚证,嗳气频繁,,,,,,,,,,,,,,,,,,,,,,
胃缓,胃阴虚证,恶心呕吐,,,,,,,,,,,,,,,,,,,,,,
胃缓,胃阴虚证,食后脘腹胀满,,,,,,,,,,,,,,,,,,,,,,
胃缓,胃阴虚证,烦闷不舒,,,,,,,,,,,,,,,,,,,,,,
胃缓,胃阴虚证,大便干结,,,,,,,,,,,,,,,,,,,,,,
胃缓,胃阴虚证,舌红,,,,,,,,,,,,,,,,,,,,,,
胃缓,胃阴虚证,津少,,,,,,,,,,,,,,,,,,,,,,
胃缓,胃阴虚证,脉细数,,,,,,,,,,,,,,,,,,,,,,
结胸证,,脘腹胀满,,,,,,,,,,,,,,,,,,,,,,
结胸证,,疼痛拒按,,,,,,,,,,,,,,,,,,,,,,
水结胸证,,发热,,,,,,,,,,,,,,,,,,,,,,
水结胸证,,烦躁,,,,,,,,,,,,,,,,,,,,,,
水结胸证,,便秘,,,,,,,,,,,,,,,,,,,,,,
水结胸证,,不能食,,,,,,,,,,,,,,,,,,,,,,
水结胸证,,脘腹胀满,,,,,,,,,,,,,,,,,,,,,,
水结胸证,,疼痛拒按,,,,,,,,,,,,,,,,,,,,,,
大结胸证,,心下硬满而痛,,,,,,,,,,,,,,,,,,,,,,
大结胸证,,痛不可近,,,,,,,,,,,,,,,,,,,,,,
大结胸证,,发热不高,,,,,,,,,,,,,,,,,,,,,,
大结胸证,,便秘,,,,,,,,,,,,,,,,,,,,,,
大结胸证,,心中懊,,,,,,,,,,,,,,,,,,,,,,
大结胸证,,短气,,,,,,,,,,,,,,,,,,,,,,
大结胸证,,烦躁欲饮,,,,,,,,,,,,,,,,,,,,,,
大结胸证,,头汗出,,,,,,,,,,,,,,,,,,,,,,
大结胸证,,舌燥,,,,,,,,,,,,,,,,,,,,,,
大结胸证,,脉沉紧,,,,,,,,,,,,,,,,,,,,,,
小结胸证,,心下胀满,,,,,,,,,,,,,,,,,,,,,,
小结胸证,,按之则痛,,,,,,,,,,,,,,,,,,,,,,
小结胸证,,脉浮滑,,,,,,,,,,,,,,,,,,,,,,
寒实结胸证,,胸腹胀满疼痛,,,,,,,,,,,,,,,,,,,,,,
寒实结胸证,,手不可近,,,,,,,,,,,,,,,,,,,,,,
寒实结胸证,,形寒,,,,,,,,,,,,,,,,,,,,,,
寒实结胸证,,脉沉紧,,,,,,,,,,,,,,,,,,,,,,
血结胸证,,胸腹胀满疼痛,,,,,,,,,,,,,,,,,,,,,,
结胸变证,,心下结,,,,,,,,,,,,,,,,,,,,,,
结胸变证,,烦躁,,,,,,,,,,,,,,,,,,,,,,
结胸变证,,不得卧,,,,,,,,,,,,,,,,,,,,,,
结胸变证,,脉微,,,,,,,,,,,,,,,,,,,,,,
脏结,,心下胀满,,,,,,,,,,,,,,,,,,,,,,
脏结,,按之痛,,,,,,,,,,,,,,,,,,,,,,
脏结,,时时下利,,,,,,,,,,,,,,,,,,,,,,
脏结,,精神萎靡,,,,,,,,,,,,,,,,,,,,,,
脏结,,苔白腻或白滑,,,,,,,,,,,,,,,,,,,,,,
脏结,,寸脉浮、关脉小细沉紧,,,,,,,,,,,,,,,,,,,,,,
阳微结,,表证未罢,,,,,,,,,,,,,,,,,,,,,,
阳微结,,里有热结 ,,,,,,,,,,,,,,,,,,,,,,
阳微结,,以微恶寒 ,,,,,,,,,,,,,,,,,,,,,,
阳微结,,头汗出,,,,,,,,,,,,,,,,,,,,,,
阳微结,,心下满,,,,,,,,,,,,,,,,,,,,,,
阳微结,,不欲食,,,,,,,,,,,,,,,,,,,,,,
阳微结,,手足冷,,,,,,,,,,,,,,,,,,,,,,
阳微结,,大便硬,,,,,,,,,,,,,,,,,,,,,,
阳微结,,脉细等为常见症的证候,,,,,,,,,,,,,,,,,,,,,,
阴结,,不欲食 ,,,,,,,,,,,,,,,,,,,,,,
阴结,,手足冷 ,,,,,,,,,,,,,,,,,,,,,,
阴结,,大便秘结 ,,,,,,,,,,,,,,,,,,,,,,
阴结,,脉沉紧,,,,,,,,,,,,,,,,,,,,,,
纯阴结,,不欲食 ,,,,,,,,,,,,,,,,,,,,,,
纯阴结,,手足冷 ,,,,,,,,,,,,,,,,,,,,,,
纯阴结,,身体重 ,,,,,,,,,,,,,,,,,,,,,,
纯阴结,,大便秘结 ,,,,,,,,,,,,,,,,,,,,,,
纯阴结,,脉沉迟,,,,,,,,,,,,,,,,,,,,,,
反胃[病],,脘腹痞胀 ,,,,,,,,,,,,,,,,,,,,,,
反胃[病],,朝食暮吐 ,,,,,,,,,,,,,,,,,,,,,,
反胃[病],,暮食朝吐 ,,,,,,,,,,,,,,,,,,,,,,
反胃[病],,甚或食入不久即吐,,,,,,,,,,,,,,,,,,,,,,
反胃,脾胃虚寒证,食后脘腹胀满,,,,,,,,,,,,,,,,,,,,,,
反胃,脾胃虚寒证,朝食暮吐,,,,,,,,,,,,,,,,,,,,,,
反胃,脾胃虚寒证,暮食朝吐,,,,,,,,,,,,,,,,,,,,,,
反胃,脾胃虚寒证,吐出宿食不化及清稀水液,,,,,,,,,,,,,,,,,,,,,,
反胃,脾胃虚寒证,吐尽始觉舒适,,,,,,,,,,,,,,,,,,,,,,
反胃,脾胃虚寒证,大便溏少,,,,,,,,,,,,,,,,,,,,,,
反胃,脾胃虚寒证,神疲乏力,,,,,,,,,,,,,,,,,,,,,,
反胃,脾胃虚寒证,面色青白,,,,,,,,,,,,,,,,,,,,,,
反胃,脾胃虚寒证,面色s白,,,,,,,,,,,,,,,,,,,,,,
反胃,脾胃虚寒证,手足不温,,,,,,,,,,,,,,,,,,,,,,
反胃,脾胃虚寒证,眩晕耳鸣,,,,,,,,,,,,,,,,,,,,,,
反胃,脾胃虚寒证,腰酸膝软,,,,,,,,,,,,,,,,,,,,,,
反胃,脾胃虚寒证,精神委靡,,,,,,,,,,,,,,,,,,,,,,
反胃,脾胃虚寒证,舌淡,,,,,,,,,,,,,,,,,,,,,,
反胃,脾胃虚寒证,苔白,,,,,,,,,,,,,,,,,,,,,,
反胃,脾胃虚寒证,脉细弱,,,,,,,,,,,,,,,,,,,,,,
反胃,胃热证,食后脘腹胀满 朝食暮吐 暮食朝吐 吐出宿食不化及混浊酸臭之稠液 便秘 溺黄短 心烦口渴 面红 舌红干 苔黄厚腻 脉滑数,,,,,,,,,,,,,,,,,,,,,,
反胃,胃热证,朝食暮吐,,,,,,,,,,,,,,,,,,,,,,
反胃,胃热证,暮食朝吐,,,,,,,,,,,,,,,,,,,,,,
反胃,胃热证,吐出宿食不化及混浊酸臭之稠液,,,,,,,,,,,,,,,,,,,,,,
反胃,胃热证,便秘,,,,,,,,,,,,,,,,,,,,,,
反胃,胃热证,溺黄短,,,,,,,,,,,,,,,,,,,,,,
反胃,胃热证,心烦口渴,,,,,,,,,,,,,,,,,,,,,,
反胃,胃热证,面红,,,,,,,,,,,,,,,,,,,,,,
反胃,胃热证,舌红干,,,,,,,,,,,,,,,,,,,,,,
反胃,胃热证,苔黄厚腻,,,,,,,,,,,,,,,,,,,,,,
反胃,胃热证,脉滑数,,,,,,,,,,,,,,,,,,,,,,
反胃,痰浊阻滞证,经常脘腹胀满,,,,,,,,,,,,,,,,,,,,,,
反胃,痰浊阻滞证,食后尤甚,,,,,,,,,,,,,,,,,,,,,,
反胃,痰浊阻滞证,上腹或有积块,,,,,,,,,,,,,,,,,,,,,,
反胃,痰浊阻滞证,朝食暮吐,,,,,,,,,,,,,,,,,,,,,,
反胃,痰浊阻滞证,暮食朝吐,,,,,,,,,,,,,,,,,,,,,,
反胃,痰浊阻滞证,吐出宿食不化或痰涎水饮,,,,,,,,,,,,,,,,,,,,,,
反胃,痰浊阻滞证,眩晕,,,,,,,,,,,,,,,,,,,,,,
反胃,痰浊阻滞证,心下悸,,,,,,,,,,,,,,,,,,,,,,
反胃,痰浊阻滞证,苔白滑,,,,,,,,,,,,,,,,,,,,,,
反胃,痰浊阻滞证,脉弦滑,,,,,,,,,,,,,,,,,,,,,,
反胃,血瘀积结证,经常脘腹胀满,,,,,,,,,,,,,,,,,,,,,,
反胃,血瘀积结证,食后尤甚,,,,,,,,,,,,,,,,,,,,,,
反胃,血瘀积结证,上腹或有积块,,,,,,,,,,,,,,,,,,,,,,
反胃,血瘀积结证,朝食暮吐,,,,,,,,,,,,,,,,,,,,,,
反胃,血瘀积结证,暮食朝吐,,,,,,,,,,,,,,,,,,,,,,
反胃,血瘀积结证,吐出宿食不化,,,,,,,,,,,,,,,,,,,,,,
反胃,血瘀积结证,吐黄沫,,,,,,,,,,,,,,,,,,,,,,
反胃,血瘀积结证,吐褐色浊液,,,,,,,,,,,,,,,,,,,,,,
反胃,血瘀积结证,吐血便血,,,,,,,,,,,,,,,,,,,,,,
反胃,血瘀积结证,上腹胀满刺痛拒按,,,,,,,,,,,,,,,,,,,,,,
反胃,血瘀积结证,上腹积块坚硬,,,,,,,,,,,,,,,,,,,,,,
反胃,血瘀积结证,推之不移,,,,,,,,,,,,,,,,,,,,,,
反胃,血瘀积结证,舌暗红或有瘀点,,,,,,,,,,,,,,,,,,,,,,
反胃,血瘀积结证,脉弦涩,,,,,,,,,,,,,,,,,,,,,,
呕吐[病],,胃中之物从口吐出,,,,,,,,,,,,,,,,,,,,,,
呕吐[病],,胃脘痞闷不适,,,,,,,,,,,,,,,,,,,,,,
呕吐[病],,恶心,,,,,,,,,,,,,,,,,,,,,,
干呕,,呕而有声无物吐出,,,,,,,,,,,,,,,,,,,,,,
实呕,,外邪、痰浊、气机郁滞或食物停滞胃肠引起胃失和降、胃气上逆等所致的呕吐,,,,,,,,,,,,,,,,,,,,,,
实呕,外邪犯胃证,突然呕吐,,,,,,,,,,,,,,,,,,,,,,
实呕,外邪犯胃证,起病较急,,,,,,,,,,,,,,,,,,,,,,
实呕,外邪犯胃证,发热恶寒,,,,,,,,,,,,,,,,,,,,,,
实呕,外邪犯胃证,头身疼痛,,,,,,,,,,,,,,,,,,,,,,
实呕,外邪犯胃证,胸脘满闷,,,,,,,,,,,,,,,,,,,,,,
实呕,外邪犯胃证,不思饮食,,,,,,,,,,,,,,,,,,,,,,
实呕,外邪犯胃证,苔白,,,,,,,,,,,,,,,,,,,,,,
实呕,外邪犯胃证,脉濡缓,,,,,,,,,,,,,,,,,,,,,,
实呕,寒邪犯胃证,呕吐清水,,,,,,,,,,,,,,,,,,,,,,
实呕,寒邪犯胃证,胃脘冷痛,,,,,,,,,,,,,,,,,,,,,,
实呕,寒邪犯胃证,痛势急剧,,,,,,,,,,,,,,,,,,,,,,
实呕,寒邪犯胃证,喜温,,,,,,,,,,,,,,,,,,,,,,
实呕,寒邪犯胃证,恶寒肢冷,,,,,,,,,,,,,,,,,,,,,,
实呕,寒邪犯胃证,苔白,,,,,,,,,,,,,,,,,,,,,,
实呕,寒邪犯胃证,脉弦紧,,,,,,,,,,,,,,,,,,,,,,
实呕,暑湿证,头重眩晕,,,,,,,,,,,,,,,,,,,,,,
实呕,暑湿证,恶心呕吐,,,,,,,,,,,,,,,,,,,,,,
实呕,暑湿证,五心烦热,,,,,,,,,,,,,,,,,,,,,,
实呕,暑湿证,胸闷腹胀,,,,,,,,,,,,,,,,,,,,,,
实呕,暑湿证,尿黄不畅,,,,,,,,,,,,,,,,,,,,,,
实呕,胃热证,食入即吐,,,,,,,,,,,,,,,,,,,,,,
实呕,胃热证,五心烦热,,,,,,,,,,,,,,,,,,,,,,
实呕,胃热证,夜卧不宁,,,,,,,,,,,,,,,,,,,,,,
实呕,胃热证,渴喜冷饮,,,,,,,,,,,,,,,,,,,,,,
实呕,胃热证,二便秘涩,,,,,,,,,,,,,,,,,,,,,,
实呕,痰饮停胃证,呕吐清水痰涎,,,,,,,,,,,,,,,,,,,,,,
实呕,痰饮停胃证,脘闷痞满,,,,,,,,,,,,,,,,,,,,,,
实呕,痰饮停胃证,不思饮食,,,,,,,,,,,,,,,,,,,,,,
实呕,痰饮停胃证,口干不欲饮,,,,,,,,,,,,,,,,,,,,,,
实呕,痰饮停胃证,饮水则吐,,,,,,,,,,,,,,,,,,,,,,
实呕,痰饮停胃证,头眩心悸,,,,,,,,,,,,,,,,,,,,,,
实呕,痰饮停胃证,苔白滑或腻,,,,,,,,,,,,,,,,,,,,,,
实呕,痰饮停胃证,脉弦滑,,,,,,,,,,,,,,,,,,,,,,
实呕,食积证,呕吐酸腐,,,,,,,,,,,,,,,,,,,,,,
实呕,食积证,脘腹胀满,,,,,,,,,,,,,,,,,,,,,,
实呕,食积证,嗳气厌食,,,,,,,,,,,,,,,,,,,,,,
实呕,食积证,腹痛,,,,,,,,,,,,,,,,,,,,,,
实呕,食积证,吐后反觉舒服,,,,,,,,,,,,,,,,,,,,,,
实呕,食积证,大便或溏或结,,,,,,,,,,,,,,,,,,,,,,
实呕,食积证,便臭如败卵,,,,,,,,,,,,,,,,,,,,,,
实呕,食积证,苔厚腻,,,,,,,,,,,,,,,,,,,,,,
实呕,食积证,脉滑,,,,,,,,,,,,,,,,,,,,,,
实呕,肝气犯胃证,呕吐吞酸,,,,,,,,,,,,,,,,,,,,,,
实呕,肝气犯胃证,嗳气频作,,,,,,,,,,,,,,,,,,,,,,
实呕,肝气犯胃证,胸胁胀满,,,,,,,,,,,,,,,,,,,,,,
实呕,肝气犯胃证,烦闷不舒,,,,,,,,,,,,,,,,,,,,,,
实呕,肝气犯胃证,每因情志不遂而呕吐吞酸更甚,,,,,,,,,,,,,,,,,,,,,,
实呕,肝气犯胃证,舌边红,,,,,,,,,,,,,,,,,,,,,,
实呕,肝气犯胃证,苔薄腻,,,,,,,,,,,,,,,,,,,,,,
实呕,肝气犯胃证,脉弦,,,,,,,,,,,,,,,,,,,,,,
虚呕,肝气犯胃证,脾胃虚弱 胃失和降 胃气上逆所致的呕吐,,,,,,,,,,,,,,,,,,,,,,
虚呕,脾胃气虚证,食欲不振,,,,,,,,,,,,,,,,,,,,,,
虚呕,脾胃气虚证,食入难化,,,,,,,,,,,,,,,,,,,,,,
虚呕,脾胃气虚证,恶心呕吐,,,,,,,,,,,,,,,,,,,,,,
虚呕,脾胃气虚证,脘腹痞胀,,,,,,,,,,,,,,,,,,,,,,
虚呕,脾胃气虚证,食后尤甚,,,,,,,,,,,,,,,,,,,,,,
虚呕,脾胃气虚证,大便溏泻,,,,,,,,,,,,,,,,,,,,,,
虚呕,脾胃气虚证,神疲肢倦,,,,,,,,,,,,,,,,,,,,,,
虚呕,脾胃气虚证,舌淡,,,,,,,,,,,,,,,,,,,,,,
虚呕,脾胃气虚证,苔白滑,,,,,,,,,,,,,,,,,,,,,,
虚呕,脾胃气虚证,脉弱,,,,,,,,,,,,,,,,,,,,,,
虚呕,脾胃虚寒证,饮食稍多即欲呕吐,,,,,,,,,,,,,,,,,,,,,,
虚呕,脾胃虚寒证,时作时止,,,,,,,,,,,,,,,,,,,,,,
虚呕,脾胃虚寒证,胃纳不佳,,,,,,,,,,,,,,,,,,,,,,
虚呕,脾胃虚寒证,食入难化,,,,,,,,,,,,,,,,,,,,,,
虚呕,脾胃虚寒证,胸脘痞闷,,,,,,,,,,,,,,,,,,,,,,
虚呕,脾胃虚寒证,口干而不欲多饮,,,,,,,,,,,,,,,,,,,,,,
虚呕,脾胃虚寒证,面白少华,,,,,,,,,,,,,,,,,,,,,,
虚呕,脾胃虚寒证,倦怠乏力,,,,,,,,,,,,,,,,,,,,,,
虚呕,脾胃虚寒证,喜暖恶寒,,,,,,,,,,,,,,,,,,,,,,
虚呕,脾胃虚寒证,四肢不温,,,,,,,,,,,,,,,,,,,,,,
虚呕,脾胃虚寒证,大便溏薄,,,,,,,,,,,,,,,,,,,,,,
虚呕,脾胃虚寒证,舌淡,,,,,,,,,,,,,,,,,,,,,,
虚呕,脾胃虚寒证,苔薄白,,,,,,,,,,,,,,,,,,,,,,
虚呕,脾胃虚寒证,脉细弱,,,,,,,,,,,,,,,,,,,,,,
虚呕,脾胃阳虚证,饮食稍多即吐,,,,,,,,,,,,,,,,,,,,,,
虚呕,脾胃阳虚证,时作时止,,,,,,,,,,,,,,,,,,,,,,
虚呕,脾胃阳虚证,面色s白,,,,,,,,,,,,,,,,,,,,,,
虚呕,脾胃阳虚证,倦怠乏力,,,,,,,,,,,,,,,,,,,,,,
虚呕,脾胃阳虚证,喜暖恶寒,,,,,,,,,,,,,,,,,,,,,,
虚呕,脾胃阳虚证,四肢不温,,,,,,,,,,,,,,,,,,,,,,
虚呕,脾胃阳虚证,口干而不欲饮,,,,,,,,,,,,,,,,,,,,,,
虚呕,脾胃阳虚证,大便溏薄,,,,,,,,,,,,,,,,,,,,,,
虚呕,脾胃阳虚证,舌淡,,,,,,,,,,,,,,,,,,,,,,
虚呕,脾胃阳虚证,脉濡弱,,,,,,,,,,,,,,,,,,,,,,
虚呕,胃阴虚证,时欲干呕 ,,,,,,,,,,,,,,,,,,,,,,
虚呕,胃阴虚证,呕吐少量食物黏液 ,,,,,,,,,,,,,,,,,,,,,,
虚呕,胃阴虚证,反复发作 ,,,,,,,,,,,,,,,,,,,,,,
虚呕,胃阴虚证,胃脘嘈杂 ,,,,,,,,,,,,,,,,,,,,,,
虚呕,胃阴虚证,饥不欲食 ,,,,,,,,,,,,,,,,,,,,,,
虚呕,胃阴虚证,口燥咽干,,,,,,,,,,,,,,,,,,,,,,
虚呕,胃阴虚证, 大便干结 ,,,,,,,,,,,,,,,,,,,,,,
虚呕,胃阴虚证,舌红少津 ,,,,,,,,,,,,,,,,,,,,,,
虚呕,胃阴虚证,苔少 ,,,,,,,,,,,,,,,,,,,,,,
虚呕,胃阴虚证,脉细数,,,,,,,,,,,,,,,,,,,,,,
泄泻[病],,大便次数增多 ,,,,,,,,,,,,,,,,,,,,,,
泄泻[病],,大便溏薄或完谷不化 ,,,,,,,,,,,,,,,,,,,,,,
泄泻[病],,泻出如水样,,,,,,,,,,,,,,,,,,,,,,
外感泄泻,,外感风寒暑湿热邪引起的泄泻。,,,,,,,,,,,,,,,,,,,,,,
风泻,,大便溏泻或泻下清水 ,,,,,,,,,,,,,,,,,,,,,,
风泻,,头胀 ,,,,,,,,,,,,,,,,,,,,,,
风泻,,自汗 ,,,,,,,,,,,,,,,,,,,,,,
风泻,,恶风,,,,,,,,,,,,,,,,,,,,,,
湿泻,,腹痛不甚 ,,,,,,,,,,,,,,,,,,,,,,
湿泻,,泻下水样便 ,,,,,,,,,,,,,,,,,,,,,,
湿泻,,水肿,,,,,,,,,,,,,,,,,,,,,,
湿泻,, 身热 ,,,,,,,,,,,,,,,,,,,,,,
湿泻,,脉濡细或濡数,,,,,,,,,,,,,,,,,,,,,,
泄泻,寒湿证,泄泻清稀 ,,,,,,,,,,,,,,,,,,,,,,
泄泻,寒湿证,如水样 ,,,,,,,,,,,,,,,,,,,,,,
泄泻,寒湿证,腹痛肠鸣 ,,,,,,,,,,,,,,,,,,,,,,
泄泻,寒湿证,脘闷食少 ,,,,,,,,,,,,,,,,,,,,,,
泄泻,寒湿证,苔白腻 ,,,,,,,,,,,,,,,,,,,,,,
泄泻,寒湿证,脉濡缓,,,,,,,,,,,,,,,,,,,,,,
泄泻,湿热[蕴结]证,泄泻腹痛 ,,,,,,,,,,,,,,,,,,,,,,
泄泻,湿热[蕴结]证,泻下急迫 ,,,,,,,,,,,,,,,,,,,,,,
泄泻,湿热[蕴结]证,泻而不爽 ,,,,,,,,,,,,,,,,,,,,,,
泄泻,湿热[蕴结]证,粪色黄褐 ,,,,,,,,,,,,,,,,,,,,,,
泄泻,湿热[蕴结]证,气味臭秽 ,,,,,,,,,,,,,,,,,,,,,,
泄泻,湿热[蕴结]证,肛门灼热 ,,,,,,,,,,,,,,,,,,,,,,
泄泻,湿热[蕴结]证,烦热口渴 ,,,,,,,,,,,,,,,,,,,,,,
泄泻,湿热[蕴结]证,小便短黄 ,,,,,,,,,,,,,,,,,,,,,,
泄泻,湿热[蕴结]证,苔黄腻 ,,,,,,,,,,,,,,,,,,,,,,
泄泻,湿热[蕴结]证,脉滑数或濡数,,,,,,,,,,,,,,,,,,,,,,
泄泻,暑湿证,腹痛泄泻 ,,,,,,,,,,,,,,,,,,,,,,
泄泻,暑湿证,泻下如水 ,,,,,,,,,,,,,,,,,,,,,,
泄泻,暑湿证,暴急量多 ,,,,,,,,,,,,,,,,,,,,,,
泄泻,暑湿证,粪色黄褐 ,,,,,,,,,,,,,,,,,,,,,,
泄泻,暑湿证,发热心烦 ,,,,,,,,,,,,,,,,,,,,,,
泄泻,暑湿证,胸闷脘痞 ,,,,,,,,,,,,,,,,,,,,,,
泄泻,暑湿证,泛恶纳呆 ,,,,,,,,,,,,,,,,,,,,,,
泄泻,暑湿证,汗出面垢 ,,,,,,,,,,,,,,,,,,,,,,
泄泻,暑湿证,口渴尿赤 ,,,,,,,,,,,,,,,,,,,,,,
泄泻,暑湿证,舌红 ,,,,,,,,,,,,,,,,,,,,,,
泄泻,暑湿证,苔黄厚腻 ,,,,,,,,,,,,,,,,,,,,,,
泄泻,暑湿证,脉濡数,,,,,,,,,,,,,,,,,,,,,,
水泻,,腹胀肠鸣 ,,,,,,,,,,,,,,,,,,,,,,
水泻,,泻下水样便,,,,,,,,,,,,,,,,,,,,,,
水恣泄,,口渴喜饮 ,,,,,,,,,,,,,,,,,,,,,,
水恣泄,,泻下水谷,,,,,,,,,,,,,,,,,,,,,,
内伤泄泻,,由于饮食、痰饮、七情所伤等引起的泄泻。,,,,,,,,,,,,,,,,,,,,,,
泄泻,伤食证,腹痛肠鸣 ,,,,,,,,,,,,,,,,,,,,,,
泄泻,伤食证,泻下粪便 ,,,,,,,,,,,,,,,,,,,,,,
泄泻,伤食证,臭如败卵 ,,,,,,,,,,,,,,,,,,,,,,
泄泻,伤食证,泻后痛减 ,,,,,,,,,,,,,,,,,,,,,,
泄泻,伤食证,脘腹胀满 ,,,,,,,,,,,,,,,,,,,,,,
泄泻,伤食证,嗳腐酸臭 ,,,,,,,,,,,,,,,,,,,,,,
泄泻,伤食证,不思饮食 ,,,,,,,,,,,,,,,,,,,,,,
泄泻,伤食证,苔垢浊或厚腻 ,,,,,,,,,,,,,,,,,,,,,,
泄泻,伤食证,脉滑,,,,,,,,,,,,,,,,,,,,,,
泄泻,伤酒证,晨起即泄 ,,,,,,,,,,,,,,,,,,,,,,
泄泻,伤酒证,泄下黄沫 ,,,,,,,,,,,,,,,,,,,,,,
泄泻,伤酒证,小便赤 ,,,,,,,,,,,,,,,,,,,,,,
泄泻,伤酒证,脉洪数或弦数,,,,,,,,,,,,,,,,,,,,,,
泄泻,肝气郁结证,胸胁胀闷 ,,,,,,,,,,,,,,,,,,,,,,
泄泻,肝气郁结证,嗳气食少 ,,,,,,,,,,,,,,,,,,,,,,
泄泻,肝气郁结证,腹痛泄泻 ,,,,,,,,,,,,,,,,,,,,,,
泄泻,肝气郁结证,腹中雷鸣 ,,,,,,,,,,,,,,,,,,,,,,
泄泻,肝气郁结证,攻窜作痛 ,,,,,,,,,,,,,,,,,,,,,,
泄泻,肝气郁结证,矢气频作 ,,,,,,,,,,,,,,,,,,,,,,
泄泻,肝气郁结证,舌淡红 ,,,,,,,,,,,,,,,,,,,,,,
泄泻,肝气郁结证,脉弦,,,,,,,,,,,,,,,,,,,,,,
泄泻,痰积证,或泻或止 ,,,,,,,,,,,,,,,,,,,,,,
泄泻,痰积证,或多或少 ,,,,,,,,,,,,,,,,,,,,,,
泄泻,痰积证,泻下白色黏液或白冻 ,,,,,,,,,,,,,,,,,,,,,,
泄泻,痰积证,腹中漉漉有声 ,,,,,,,,,,,,,,,,,,,,,,
泄泻,痰积证,两肋攻刺作痛 ,,,,,,,,,,,,,,,,,,,,,,
泄泻,痰积证,脉弦滑,,,,,,,,,,,,,,,,,,,,,,
久泻,,反复发作、久泻不愈的泄泻。,,,,,,,,,,,,,,,,,,,,,,
久泻,脾虚证,大便时溏时泻 ,,,,,,,,,,,,,,,,,,,,,,
久泻,脾虚证,迁延反复 ,,,,,,,,,,,,,,,,,,,,,,
久泻,脾虚证,完谷不化 ,,,,,,,,,,,,,,,,,,,,,,
久泻,脾虚证,饮食减少 ,,,,,,,,,,,,,,,,,,,,,,
久泻,脾虚证,食后脘闷不舒 ,,,,,,,,,,,,,,,,,,,,,,
久泻,脾虚证,稍进油腻食物则大便次数明显增加 ,,,,,,,,,,,,,,,,,,,,,,
久泻,脾虚证,面色痿黄 ,,,,,,,,,,,,,,,,,,,,,,
久泻,脾虚证,神疲倦怠 ,,,,,,,,,,,,,,,,,,,,,,
久泻,脾虚证,舌淡 ,,,,,,,,,,,,,,,,,,,,,,
久泻,脾虚证,苔白 ,,,,,,,,,,,,,,,,,,,,,,
久泻,脾虚证,脉细弱,,,,,,,,,,,,,,,,,,,,,,
久泻,肾虚证,黎明之前脐腹作痛 ,,,,,,,,,,,,,,,,,,,,,,
久泻,肾虚证,肠鸣即泻 ,,,,,,,,,,,,,,,,,,,,,,
久泻,肾虚证,泻下完谷 ,,,,,,,,,,,,,,,,,,,,,,
久泻,肾虚证,泻后则安 ,,,,,,,,,,,,,,,,,,,,,,
久泻,肾虚证,形寒肢冷 ,,,,,,,,,,,,,,,,,,,,,,
久泻,肾虚证,腰膝酸软 ,,,,,,,,,,,,,,,,,,,,,,
久泻,肾虚证,舌淡 ,,,,,,,,,,,,,,,,,,,,,,
久泻,肾虚证,苔白 ,,,,,,,,,,,,,,,,,,,,,,
久泻,肾虚证,脉沉细,,,,,,,,,,,,,,,,,,,,,,
久泻,阴虚证,发热烦渴 ,,,,,,,,,,,,,,,,,,,,,,
久泻,阴虚证,至夜加重 ,,,,,,,,,,,,,,,,,,,,,,
久泻,阴虚证,泻下无度 ,,,,,,,,,,,,,,,,,,,,,,
久泻,阴虚证,夜热盗汗 ,,,,,,,,,,,,,,,,,,,,,,
久泻,阴虚证,舌红嫩 ,,,,,,,,,,,,,,,,,,,,,,
久泻,阴虚证,脉细数,,,,,,,,,,,,,,,,,,,,,,
滑泄,,久泄不止 ,,,,,,,,,,,,,,,,,,,,,,
滑泄,,日夜无度 ,,,,,,,,,,,,,,,,,,,,,,
滑泄,,饮食减少 ,,,,,,,,,,,,,,,,,,,,,,
滑泄,,手足厥冷或肿胀 ,,,,,,,,,,,,,,,,,,,,,,
滑泄,,形寒气短 ,,,,,,,,,,,,,,,,,,,,,,
滑泄,,消瘦,,,,,,,,,,,,,,,,,,,,,,
滑泄,, 发虚热,,,,,,,,,,,,,,,,,,,,,,
水土不服,,纳差,,,,,,,,,,,,,,,,,,,,,,
水土不服,,呕吐 ,,,,,,,,,,,,,,,,,,,,,,
水土不服,,泄泻,,,,,,,,,,,,,,,,,,,,,,
除中,,当不能食而反能食,,,,,,,,,,,,,,,,,,,,,,
呃逆[病],,胃脘有气上逆 ,,,,,,,,,,,,,,,,,,,,,,
呃逆[病],,呃呃有声  ,,,,,,,,,,,,,,,,,,,,,,
呃逆[病],,声音短促,,,,,,,,,,,,,,,,,,,,,,
呃逆[病],,持续不能自制,,,,,,,,,,,,,,,,,,,,,,
呃逆,实证,寒、火、气滞、痰阻、食积等实邪所致的呃逆。,,,,,,,,,,,,,,,,,,,,,,
呃逆,胃寒证,呃声沉缓有力 ,,,,,,,,,,,,,,,,,,,,,,
呃逆,胃寒证,遇寒愈甚 ,,,,,,,,,,,,,,,,,,,,,,
呃逆,胃寒证,得热则减 ,,,,,,,,,,,,,,,,,,,,,,
呃逆,胃寒证,常兼胸膈及胃脘不舒 ,,,,,,,,,,,,,,,,,,,,,,
呃逆,胃寒证,喜热饮 ,,,,,,,,,,,,,,,,,,,,,,
呃逆,胃寒证,纳食减少 ,,,,,,,,,,,,,,,,,,,,,,
呃逆,胃寒证,口不渴 ,,,,,,,,,,,,,,,,,,,,,,
呃逆,胃寒证,四肢清冷 ,,,,,,,,,,,,,,,,,,,,,,
呃逆,胃寒证,苔白 ,,,,,,,,,,,,,,,,,,,,,,
呃逆,胃寒证,脉迟缓,,,,,,,,,,,,,,,,,,,,,,
呃逆,胃火证,呃声洪亮有力 ,,,,,,,,,,,,,,,,,,,,,,
呃逆,胃火证,冲逆而出 ,,,,,,,,,,,,,,,,,,,,,,
呃逆,胃火证,口臭烦渴 ,,,,,,,,,,,,,,,,,,,,,,
呃逆,胃火证,多喜冷饮 ,,,,,,,,,,,,,,,,,,,,,,
呃逆,胃火证,脘腹满闷 ,,,,,,,,,,,,,,,,,,,,,,
呃逆,胃火证,大便秘结 ,,,,,,,,,,,,,,,,,,,,,,
呃逆,胃火证,小便短赤 ,,,,,,,,,,,,,,,,,,,,,,
呃逆,胃火证,苔黄燥 ,,,,,,,,,,,,,,,,,,,,,,
呃逆,胃火证,脉滑数,,,,,,,,,,,,,,,,,,,,,,
呃逆,气滞证,呃声连连 ,,,,,,,,,,,,,,,,,,,,,,
呃逆,气滞证,胸腹胀满 ,,,,,,,,,,,,,,,,,,,,,,
呃逆,气滞证,心烦易怒 ,,,,,,,,,,,,,,,,,,,,,,
呃逆,气滞证,脉弦,,,,,,,,,,,,,,,,,,,,,,
呃逆,气滞痰阻证,呃逆连声 ,,,,,,,,,,,,,,,,,,,,,,
呃逆,气滞痰阻证,胸胁胀满 ,,,,,,,,,,,,,,,,,,,,,,
呃逆,气滞痰阻证,脘闷食少 ,,,,,,,,,,,,,,,,,,,,,,
呃逆,气滞痰阻证,恶心嗳气 ,,,,,,,,,,,,,,,,,,,,,,
呃逆,气滞痰阻证,肠鸣矢气 ,,,,,,,,,,,,,,,,,,,,,,
呃逆,气滞痰阻证,呼吸不利 ,,,,,,,,,,,,,,,,,,,,,,
呃逆,气滞痰阻证,头目昏眩,,,,,,,,,,,,,,,,,,,,,,
呃逆,气滞痰阻证,平时多痰 ,,,,,,,,,,,,,,,,,,,,,,
呃逆,气滞痰阻证,苔薄腻 ,,,,,,,,,,,,,,,,,,,,,,
呃逆,气滞痰阻证,脉弦滑,,,,,,,,,,,,,,,,,,,,,,
呃逆,虚证,脾胃阳虚、胃阴不足或脾肾阳虚等正虚所致的呃逆。,,,,,,,,,,,,,,,,,,,,,,
呃逆,脾胃阳虚证,呃声低长无力 ,,,,,,,,,,,,,,,,,,,,,,
呃逆,脾胃阳虚证,气不得续 ,,,,,,,,,,,,,,,,,,,,,,
呃逆,脾胃阳虚证,泛吐清水 ,,,,,,,,,,,,,,,,,,,,,,
呃逆,脾胃阳虚证,脘腹不舒 ,,,,,,,,,,,,,,,,,,,,,,
呃逆,脾胃阳虚证,喜温喜按 ,,,,,,,,,,,,,,,,,,,,,,
呃逆,脾胃阳虚证,面色s白 ,,,,,,,,,,,,,,,,,,,,,,
呃逆,脾胃阳虚证,手足不温 ,,,,,,,,,,,,,,,,,,,,,,
呃逆,脾胃阳虚证,食少乏力 ,,,,,,,,,,,,,,,,,,,,,,
呃逆,脾胃阳虚证,大便溏薄 ,,,,,,,,,,,,,,,,,,,,,,
呃逆,脾胃阳虚证,舌淡 ,,,,,,,,,,,,,,,,,,,,,,
呃逆,脾胃阳虚证,苔薄白 ,,,,,,,,,,,,,,,,,,,,,,
呃逆,脾胃阳虚证,脉细弱,,,,,,,,,,,,,,,,,,,,,,
呃逆,胃阴虚证,呃声短促而不得续 ,,,,,,,,,,,,,,,,,,,,,,
呃逆,胃阴虚证,口干咽燥 ,,,,,,,,,,,,,,,,,,,,,,
呃逆,胃阴虚证,烦躁不安 ,,,,,,,,,,,,,,,,,,,,,,
呃逆,胃阴虚证,不思饮食 ,,,,,,,,,,,,,,,,,,,,,,
呃逆,胃阴虚证,食后饱胀 ,,,,,,,,,,,,,,,,,,,,,,
呃逆,胃阴虚证,大便干结,,,,,,,,,,,,,,,,,,,,,,
呃逆,胃阴虚证, 舌红 ,,,,,,,,,,,,,,,,,,,,,,
呃逆,胃阴虚证,苔少干 ,,,,,,,,,,,,,,,,,,,,,,
呃逆,胃阴虚证,脉细数,,,,,,,,,,,,,,,,,,,,,,
呃逆,脾肾阳虚证,呃声低长 ,,,,,,,,,,,,,,,,,,,,,,
呃逆,脾肾阳虚证,气不接续 ,,,,,,,,,,,,,,,,,,,,,,
呃逆,脾肾阳虚证,泛吐清水 ,,,,,,,,,,,,,,,,,,,,,,
呃逆,脾肾阳虚证,脘腹不舒 ,,,,,,,,,,,,,,,,,,,,,,
呃逆,脾肾阳虚证,喜热喜按 ,,,,,,,,,,,,,,,,,,,,,,
呃逆,脾肾阳虚证,面白少华 ,,,,,,,,,,,,,,,,,,,,,,
呃逆,脾肾阳虚证,食少困倦 ,,,,,,,,,,,,,,,,,,,,,,
呃逆,脾肾阳虚证,腰膝无力 ,,,,,,,,,,,,,,,,,,,,,,
呃逆,脾肾阳虚证,气怯神疲 ,,,,,,,,,,,,,,,,,,,,,,
呃逆,脾肾阳虚证,手足不温 ,,,,,,,,,,,,,,,,,,,,,,
呃逆,脾肾阳虚证,舌淡 ,,,,,,,,,,,,,,,,,,,,,,
呃逆,脾肾阳虚证,苔薄白 ,,,,,,,,,,,,,,,,,,,,,,
呃逆,脾肾阳虚证,脉细弱,,,,,,,,,,,,,,,,,,,,,,
膈痛,,疼痛横连胸膈,,,,,,,,,,,,,,,,,,,,,,
膈疝,,胃体逆入胸膈 ,,,,,,,,,,,,,,,,,,,,,,
膈疝,,脘膈部痞胀疼痛 ,,,,,,,,,,,,,,,,,,,,,,
膈疝,,呕吐,,,,,,,,,,,,,,,,,,,,,,
噎膈,,吞咽不利 ,,,,,,,,,,,,,,,,,,,,,,
噎膈,,饮食梗塞难下,,,,,,,,,,,,,,,,,,,,,,
噎膈,痰气阻膈证,吞咽梗塞,,,,,,,,,,,,,,,,,,,,,,
噎膈,痰气阻膈证,胸脘痞满 ,,,,,,,,,,,,,,,,,,,,,,
噎膈,痰气阻膈证,疼痛 ,,,,,,,,,,,,,,,,,,,,,,
噎膈,痰气阻膈证,嗳气 ,,,,,,,,,,,,,,,,,,,,,,
噎膈,痰气阻膈证,呃逆 ,,,,,,,,,,,,,,,,,,,,,,
噎膈,痰气阻膈证,泛吐痰涎 ,,,,,,,,,,,,,,,,,,,,,,
噎膈,痰气阻膈证,口干咽燥 ,,,,,,,,,,,,,,,,,,,,,,
噎膈,痰气阻膈证,大便艰涩 ,,,,,,,,,,,,,,,,,,,,,,
噎膈,痰气阻膈证,形体日渐消瘦 ,,,,,,,,,,,,,,,,,,,,,,
噎膈,痰气阻膈证,病情可随情绪变化而增减 ,,,,,,,,,,,,,,,,,,,,,,
噎膈,痰气阻膈证,舌偏红 ,,,,,,,,,,,,,,,,,,,,,,
噎膈,痰气阻膈证,苔薄腻 ,,,,,,,,,,,,,,,,,,,,,,
噎膈,痰气阻膈证,脉弦滑,,,,,,,,,,,,,,,,,,,,,,
噎膈,瘀血闭阻证,饮食难下 ,,,,,,,,,,,,,,,,,,,,,,
噎膈,瘀血闭阻证,食入即吐 ,,,,,,,,,,,,,,,,,,,,,,
噎膈,瘀血闭阻证,吐出物如赤豆汁 ,,,,,,,,,,,,,,,,,,,,,,
噎膈,瘀血闭阻证,胸膈疼痛  ,,,,,,,,,,,,,,,,,,,,,,
噎膈,瘀血闭阻证,肌肤枯燥 ,,,,,,,,,,,,,,,,,,,,,,
噎膈,瘀血闭阻证,形体消瘦 ,,,,,,,,,,,,,,,,,,,,,,
噎膈,瘀血闭阻证,舌红有瘀点、紫斑  ,,,,,,,,,,,,,,,,,,,,,,
噎膈,瘀血闭阻证,脉细涩,,,,,,,,,,,,,,,,,,,,,,
噎膈,津亏热结证,吞咽梗涩而痛 ,,,,,,,,,,,,,,,,,,,,,,
噎膈,津亏热结证,饮水可下 ,,,,,,,,,,,,,,,,,,,,,,
噎膈,津亏热结证,食物难进 ,,,,,,,,,,,,,,,,,,,,,,
噎膈,津亏热结证,食后大部分吐出 ,,,,,,,,,,,,,,,,,,,,,,
噎膈,津亏热结证,夹有黏痰 ,,,,,,,,,,,,,,,,,,,,,,
噎膈,津亏热结证,形体消瘦 ,,,,,,,,,,,,,,,,,,,,,,
噎膈,津亏热结证,肌肤枯燥 ,,,,,,,,,,,,,,,,,,,,,,
噎膈,津亏热结证,胸背灼痛 ,,,,,,,,,,,,,,,,,,,,,,
噎膈,津亏热结证,口干咽燥 ,,,,,,,,,,,,,,,,,,,,,,
噎膈,津亏热结证,欲饮凉水 ,,,,,,,,,,,,,,,,,,,,,,
噎膈,津亏热结证,脘中灼热 ,,,,,,,,,,,,,,,,,,,,,,
噎膈,津亏热结证,五心烦热 ,,,,,,,,,,,,,,,,,,,,,,
噎膈,津亏热结证,潮热盗汗 ,,,,,,,,,,,,,,,,,,,,,,
噎膈,津亏热结证,小便不利 ,,,,,,,,,,,,,,,,,,,,,,
噎膈,津亏热结证,大便秘结 ,,,,,,,,,,,,,,,,,,,,,,
噎膈,津亏热结证,舌红干 ,,,,,,,,,,,,,,,,,,,,,,
噎膈,津亏热结证,脉弦细,,,,,,,,,,,,,,,,,,,,,,
噎膈,气虚阳微证,长期吞咽受阻 ,,,,,,,,,,,,,,,,,,,,,,
噎膈,气虚阳微证,饮食不下 ,,,,,,,,,,,,,,,,,,,,,,
噎膈,气虚阳微证,面色s白 ,,,,,,,,,,,,,,,,,,,,,,
噎膈,气虚阳微证,精神疲惫 ,,,,,,,,,,,,,,,,,,,,,,
噎膈,气虚阳微证,形寒气短 ,,,,,,,,,,,,,,,,,,,,,,
噎膈,气虚阳微证,面浮足肿 ,,,,,,,,,,,,,,,,,,,,,,
噎膈,气虚阳微证,泛吐清涎 ,,,,,,,,,,,,,,,,,,,,,,
噎膈,气虚阳微证,腹胀便溏 ,,,,,,,,,,,,,,,,,,,,,,
噎膈,气虚阳微证,舌淡 ,,,,,,,,,,,,,,,,,,,,,,
噎膈,气虚阳微证,苔白 ,,,,,,,,,,,,,,,,,,,,,,
噎膈,气虚阳微证,脉细弱,,,,,,,,,,,,,,,,,,,,,,
噎膈,痰瘀互结证,吞咽梗阻 ,,,,,,,,,,,,,,,,,,,,,,
噎膈,痰瘀互结证,胸膈疼痛 ,,,,,,,,,,,,,,,,,,,,,,
噎膈,痰瘀互结证,食不能下 ,,,,,,,,,,,,,,,,,,,,,,
噎膈,痰瘀互结证,滴水难进 ,,,,,,,,,,,,,,,,,,,,,,
噎膈,痰瘀互结证,进食即吐 ,,,,,,,,,,,,,,,,,,,,,,
噎膈,痰瘀互结证,泛吐黏痰 ,,,,,,,,,,,,,,,,,,,,,,
噎膈,痰瘀互结证,大便坚硬如羊屎 ,,,,,,,,,,,,,,,,,,,,,,
噎膈,痰瘀互结证,吐下如赤豆汁 ,,,,,,,,,,,,,,,,,,,,,,
噎膈,痰瘀互结证,便血 ,,,,,,,,,,,,,,,,,,,,,,
噎膈,痰瘀互结证,面色灰暗 ,,,,,,,,,,,,,,,,,,,,,,
噎膈,痰瘀互结证,形体羸瘦 ,,,,,,,,,,,,,,,,,,,,,,
噎膈,痰瘀互结证,肌肤甲错 ,,,,,,,,,,,,,,,,,,,,,,
噎膈,痰瘀互结证,舌红或带青紫 ,,,,,,,,,,,,,,,,,,,,,,
噎膈,痰瘀互结证,苔干少津 ,,,,,,,,,,,,,,,,,,,,,,
噎膈,痰瘀互结证,脉细涩,,,,,,,,,,,,,,,,,,,,,,
食管癌,,发生于食管的癌症。,,,,,,,,,,,,,,,,,,,,,,
胃癌,,发生于胃部的癌病。,,,,,,,,,,,,,,,,,,,,,,
胃癌,肝胃不和证,胃脘胀满 ,,,,,,,,,,,,,,,,,,,,,,
胃癌,肝胃不和证,时时疼痛 ,,,,,,,,,,,,,,,,,,,,,,
胃癌,肝胃不和证,牵及两胁 ,,,,,,,,,,,,,,,,,,,,,,
胃癌,肝胃不和证,吞咽困难,,,,,,,,,,,,,,,,,,,,,,
胃癌,肝胃不和证,嗳气陈腐或呃逆 ,,,,,,,,,,,,,,,,,,,,,,
胃癌,肝胃不和证,呕吐嗳气 ,,,,,,,,,,,,,,,,,,,,,,
胃癌,肝胃不和证,口苦心烦 ,,,,,,,,,,,,,,,,,,,,,,
胃癌,肝胃不和证,精神抑郁 ,,,,,,,,,,,,,,,,,,,,,,
胃癌,肝胃不和证,食欲不振 ,,,,,,,,,,,,,,,,,,,,,,
胃癌,肝胃不和证,舌淡红 ,,,,,,,,,,,,,,,,,,,,,,
胃癌,肝胃不和证,苔薄白 ,,,,,,,,,,,,,,,,,,,,,,
胃癌,肝胃不和证,脉弦细,,,,,,,,,,,,,,,,,,,,,,
胃癌,瘀毒内结证,胃脘刺痛 ,,,,,,,,,,,,,,,,,,,,,,
胃癌,瘀毒内结证,痛时拒按 ,,,,,,,,,,,,,,,,,,,,,,
胃癌,瘀毒内结证,心下痞块 ,,,,,,,,,,,,,,,,,,,,,,
胃癌,瘀毒内结证,呕血便血 ,,,,,,,,,,,,,,,,,,,,,,
胃癌,瘀毒内结证,肌肤甲错,,,,,,,,,,,,,,,,,,,,,,
胃癌,瘀毒内结证,舌紫暗或有瘀点 ,,,,,,,,,,,,,,,,,,,,,,
胃癌,瘀毒内结证,苔薄白或薄黄 ,,,,,,,,,,,,,,,,,,,,,,
胃癌,瘀毒内结证,脉涩,,,,,,,,,,,,,,,,,,,,,,
胃癌,痰湿凝滞证,胸膈满闷 ,,,,,,,,,,,,,,,,,,,,,,
胃癌,痰湿凝滞证,心下结块 ,,,,,,,,,,,,,,,,,,,,,,
胃癌,痰湿凝滞证,胃脘饱胀或疼痛隐隐 ,,,,,,,,,,,,,,,,,,,,,,
胃癌,痰湿凝滞证,呕吐痰涎 ,,,,,,,,,,,,,,,,,,,,,,
胃癌,痰湿凝滞证,面黄虚胖 ,,,,,,,,,,,,,,,,,,,,,,
胃癌,痰湿凝滞证,腹胀便溏 ,,,,,,,,,,,,,,,,,,,,,,
胃癌,痰湿凝滞证,舌淡 ,,,,,,,,,,,,,,,,,,,,,,
胃癌,痰湿凝滞证,苔滑腻 ,,,,,,,,,,,,,,,,,,,,,,
胃癌,痰湿凝滞证,脉细濡或滑,,,,,,,,,,,,,,,,,,,,,,
胃癌,脾胃虚寒证,胃脘隐痛 ,,,,,,,,,,,,,,,,,,,,,,
胃癌,脾胃虚寒证,喜按喜温 ,,,,,,,,,,,,,,,,,,,,,,
胃癌,脾胃虚寒证,朝食暮吐 ,,,,,,,,,,,,,,,,,,,,,,
胃癌,脾胃虚寒证,暮食朝吐 ,,,,,,,,,,,,,,,,,,,,,,
胃癌,脾胃虚寒证,呕吐清水,,,,,,,,,,,,,,,,,,,,,,
胃癌,脾胃虚寒证,腹胀 ,,,,,,,,,,,,,,,,,,,,,,
胃癌,脾胃虚寒证,食少 ,,,,,,,,,,,,,,,,,,,,,,
胃癌,脾胃虚寒证,浮肿便溏 ,,,,,,,,,,,,,,,,,,,,,,
胃癌,脾胃虚寒证,面色无华 ,,,,,,,,,,,,,,,,,,,,,,
胃癌,脾胃虚寒证,神倦乏力 ,,,,,,,,,,,,,,,,,,,,,,
胃癌,脾胃虚寒证,畏寒肢冷 ,,,,,,,,,,,,,,,,,,,,,,
胃癌,脾胃虚寒证,舌淡胖 ,,,,,,,,,,,,,,,,,,,,,,
胃癌,脾胃虚寒证,有齿痕 ,,,,,,,,,,,,,,,,,,,,,,
胃癌,脾胃虚寒证,苔白滑润 ,,,,,,,,,,,,,,,,,,,,,,
胃癌,脾胃虚寒证,脉沉缓,,,,,,,,,,,,,,,,,,,,,,
胃癌,胃热伤阴证,胃脘灼热 ,,,,,,,,,,,,,,,,,,,,,,
胃癌,胃热伤阴证,口干欲饮 ,,,,,,,,,,,,,,,,,,,,,,
胃癌,胃热伤阴证,喜冷饮 ,,,,,,,,,,,,,,,,,,,,,,
胃癌,胃热伤阴证,嘈杂 ,,,,,,,,,,,,,,,,,,,,,,
胃癌,胃热伤阴证,食后剧痛 ,,,,,,,,,,,,,,,,,,,,,,
胃癌,胃热伤阴证,五心烦热,,,,,,,,,,,,,,,,,,,,,,
胃癌,胃热伤阴证, 大便干燥或便血 ,,,,,,,,,,,,,,,,,,,,,,
胃癌,胃热伤阴证,舌红绛 ,,,,,,,,,,,,,,,,,,,,,,
胃癌,胃热伤阴证,少苔 ,,,,,,,,,,,,,,,,,,,,,,
胃癌,胃热伤阴证,脉滑或数,,,,,,,,,,,,,,,,,,,,,,
胰癌,胃热伤阴证,发生于胰腺部位的癌病。,,,,,,,,,,,,,,,,,,,,,,
胰癌,湿浊阻遏证,胸脘痞闷 ,,,,,,,,,,,,,,,,,,,,,,
胰癌,湿浊阻遏证,腹部隐痛 ,,,,,,,,,,,,,,,,,,,,,,
胰癌,湿浊阻遏证,身目俱黄 ,,,,,,,,,,,,,,,,,,,,,,
胰癌,湿浊阻遏证,黄色晦暗 ,,,,,,,,,,,,,,,,,,,,,,
胰癌,湿浊阻遏证,纳呆 ,,,,,,,,,,,,,,,,,,,,,,
胰癌,湿浊阻遏证,头重身困 ,,,,,,,,,,,,,,,,,,,,,,
胰癌,湿浊阻遏证,恶心欲呕 ,,,,,,,,,,,,,,,,,,,,,,
胰癌,湿浊阻遏证,口干不欲饮 ,,,,,,,,,,,,,,,,,,,,,,
胰癌,湿浊阻遏证,腹胀消瘦,,,,,,,,,,,,,,,,,,,,,,
胰癌,湿浊阻遏证,大便溏薄 ,,,,,,,,,,,,,,,,,,,,,,
胰癌,湿浊阻遏证,舌淡 ,,,,,,,,,,,,,,,,,,,,,,
胰癌,湿浊阻遏证,苔白腻 ,,,,,,,,,,,,,,,,,,,,,,
胰癌,湿浊阻遏证,脉沉细或沉迟,,,,,,,,,,,,,,,,,,,,,,
胰癌,气血瘀滞证,脘腹胀满 ,,,,,,,,,,,,,,,,,,,,,,
胰癌,气血瘀滞证,上腹痛呈持续性 ,,,,,,,,,,,,,,,,,,,,,,
胰癌,气血瘀滞证,痛处固定 ,,,,,,,,,,,,,,,,,,,,,,
胰癌,气血瘀滞证,腹中痞块 ,,,,,,,,,,,,,,,,,,,,,,
胰癌,气血瘀滞证,面色晦暗 ,,,,,,,,,,,,,,,,,,,,,,
胰癌,气血瘀滞证,形体消瘦 ,,,,,,,,,,,,,,,,,,,,,,
胰癌,气血瘀滞证,恶心呕吐或呃逆 ,,,,,,,,,,,,,,,,,,,,,,
胰癌,气血瘀滞证,舌青紫 ,,,,,,,,,,,,,,,,,,,,,,
胰癌,气血瘀滞证,有瘀斑 ,,,,,,,,,,,,,,,,,,,,,,
胰癌,气血瘀滞证,苔薄 ,,,,,,,,,,,,,,,,,,,,,,
胰癌,气血瘀滞证,脉弦细或涩,,,,,,,,,,,,,,,,,,,,,,
胰癌,肝胆湿热证,脘胁胀满 ,,,,,,,,,,,,,,,,,,,,,,
胰癌,肝胆湿热证,腹痛拒按 ,,,,,,,,,,,,,,,,,,,,,,
胰癌,肝胆湿热证,身目发黄 ,,,,,,,,,,,,,,,,,,,,,,
胰癌,肝胆湿热证,烦燥易怒 ,,,,,,,,,,,,,,,,,,,,,,
胰癌,肝胆湿热证,身热 ,,,,,,,,,,,,,,,,,,,,,,
胰癌,肝胆湿热证,纳呆 ,,,,,,,,,,,,,,,,,,,,,,
胰癌,肝胆湿热证,嗳气恶心 ,,,,,,,,,,,,,,,,,,,,,,
胰癌,肝胆湿热证,小便黄赤 ,,,,,,,,,,,,,,,,,,,,,,
胰癌,肝胆湿热证,大便干结 ,,,,,,,,,,,,,,,,,,,,,,
胰癌,肝胆湿热证,舌红燥 ,,,,,,,,,,,,,,,,,,,,,,
胰癌,肝胆湿热证,苔黄厚腻 ,,,,,,,,,,,,,,,,,,,,,,
胰癌,肝胆湿热证,脉弦数或滑数,,,,,,,,,,,,,,,,,,,,,,
胰癌,气血两虚证,腹胀隐痛 ,,,,,,,,,,,,,,,,,,,,,,
胰癌,气血两虚证,扪及包块,,,,,,,,,,,,,,,,,,,,,,
胰癌,气血两虚证, 纳差 ,,,,,,,,,,,,,,,,,,,,,,
胰癌,气血两虚证,倦怠乏力,,,,,,,,,,,,,,,,,,,,,,
胰癌,气血两虚证,全身消瘦 ,,,,,,,,,,,,,,,,,,,,,,
胰癌,气血两虚证,面色萎黄 ,,,,,,,,,,,,,,,,,,,,,,
胰癌,气血两虚证,舌淡 ,,,,,,,,,,,,,,,,,,,,,,
胰癌,气血两虚证,有瘀点、瘀斑  ,,,,,,,,,,,,,,,,,,,,,,
胰癌,气血两虚证,苔薄白 ,,,,,,,,,,,,,,,,,,,,,,
胰癌,气血两虚证,脉沉细无力,,,,,,,,,,,,,,,,,,,,,,
胰瘅,,急起上腹剧痛 ,,,,,,,,,,,,,,,,,,,,,,
胰瘅,,伴恶心呕吐,,,,,,,,,,,,,,,,,,,,,,
胰瘅,,发热 ,,,,,,,,,,,,,,,,,,,,,,
胰瘅,,尿血淀粉酶增高,,,,,,,,,,,,,,,,,,,,,,
胰胀,,反复发作的脘腹痛胀 ,,,,,,,,,,,,,,,,,,,,,,
胰胀,,消瘦 ,,,,,,,,,,,,,,,,,,,,,,
胰胀,,腹泻,,,,,,,,,,,,,,,,,,,,,,
胰痈,,腹痛 ,,,,,,,,,,,,,,,,,,,,,,
胰痈,,发热 ,,,,,,,,,,,,,,,,,,,,,,
胰痈,,上腹包块,,,,,,,,,,,,,,,,,,,,,,
大肠癌,,发生于大肠的癌病,,,,,,,,,,,,,,,,,,,,,,
大肠癌,湿热蕴毒证,便中带血或黏液脓血便 ,,,,,,,,,,,,,,,,,,,,,,
大肠癌,湿热蕴毒证,里急后重 ,,,,,,,,,,,,,,,,,,,,,,
大肠癌,湿热蕴毒证,大便干稀不调 ,,,,,,,,,,,,,,,,,,,,,,
大肠癌,湿热蕴毒证,肛门灼热 ,,,,,,,,,,,,,,,,,,,,,,
大肠癌,湿热蕴毒证,发热 ,,,,,,,,,,,,,,,,,,,,,,
大肠癌,湿热蕴毒证,胸闷,,,,,,,,,,,,,,,,,,,,,,
大肠癌,湿热蕴毒证,口干 ,,,,,,,,,,,,,,,,,,,,,,
大肠癌,湿热蕴毒证,小便黄 ,,,,,,,,,,,,,,,,,,,,,,
大肠癌,湿热蕴毒证,舌红 ,,,,,,,,,,,,,,,,,,,,,,
大肠癌,湿热蕴毒证,苔黄腻 ,,,,,,,,,,,,,,,,,,,,,,
大肠癌,湿热蕴毒证,脉滑数,,,,,,,,,,,,,,,,,,,,,,
大肠癌,瘀毒内结证,腹部拒按 ,,,,,,,,,,,,,,,,,,,,,,
大肠癌,瘀毒内结证,腹内结块 ,,,,,,,,,,,,,,,,,,,,,,
大肠癌,瘀毒内结证,里急后重 ,,,,,,,,,,,,,,,,,,,,,,
大肠癌,瘀毒内结证,大便脓血 ,,,,,,,,,,,,,,,,,,,,,,
大肠癌,瘀毒内结证,色紫暗 ,,,,,,,,,,,,,,,,,,,,,,
大肠癌,瘀毒内结证,量多 ,,,,,,,,,,,,,,,,,,,,,,
大肠癌,瘀毒内结证,烦热口渴 ,,,,,,,,,,,,,,,,,,,,,,
大肠癌,瘀毒内结证,面色晦暗 ,,,,,,,,,,,,,,,,,,,,,,
大肠癌,瘀毒内结证,有肌肤甲错 ,,,,,,,,,,,,,,,,,,,,,,
大肠癌,瘀毒内结证,舌紫暗或有瘀点、瘀斑  ,,,,,,,,,,,,,,,,,,,,,,
大肠癌,瘀毒内结证,脉涩,,,,,,,,,,,,,,,,,,,,,,
大肠癌,脾肾气虚证,腹痛喜温喜按 ,,,,,,,,,,,,,,,,,,,,,,
大肠癌,脾肾气虚证,腹内结块 ,,,,,,,,,,,,,,,,,,,,,,
大肠癌,脾肾气虚证,下利清谷或五更泄泻 ,,,,,,,,,,,,,,,,,,,,,,
大肠癌,脾肾气虚证,见大便带血 ,,,,,,,,,,,,,,,,,,,,,,
大肠癌,脾肾气虚证,面色苍白 ,,,,,,,,,,,,,,,,,,,,,,
大肠癌,脾肾气虚证,少气无力 ,,,,,,,,,,,,,,,,,,,,,,
大肠癌,脾肾气虚证,畏寒肢冷 ,,,,,,,,,,,,,,,,,,,,,,
大肠癌,脾肾气虚证,腰酸膝软 ,,,,,,,,,,,,,,,,,,,,,,
大肠癌,脾肾气虚证,舌淡胖 ,,,,,,,,,,,,,,,,,,,,,,
大肠癌,脾肾气虚证,有齿痕 ,,,,,,,,,,,,,,,,,,,,,,
大肠癌,脾肾气虚证,苔薄白 ,,,,,,,,,,,,,,,,,,,,,,
大肠癌,脾肾气虚证,脉沉细弱,,,,,,,,,,,,,,,,,,,,,,
大肠癌,肝肾阴虚证,腹痛隐隐 ,,,,,,,,,,,,,,,,,,,,,,
大肠癌,肝肾阴虚证,腹内结块,,,,,,,,,,,,,,,,,,,,,,
大肠癌,肝肾阴虚证, 便秘 ,,,,,,,,,,,,,,,,,,,,,,
大肠癌,肝肾阴虚证,大便带血 ,,,,,,,,,,,,,,,,,,,,,,
大肠癌,肝肾阴虚证,腰膝酸软 ,,,,,,,,,,,,,,,,,,,,,,
大肠癌,肝肾阴虚证,头胀胁痛 ,,,,,,,,,,,,,,,,,,,,,,
大肠癌,肝肾阴虚证,头晕耳鸣 ,,,,,,,,,,,,,,,,,,,,,,
大肠癌,肝肾阴虚证,视物昏花 ,,,,,,,,,,,,,,,,,,,,,,
大肠癌,肝肾阴虚证,五心烦热 ,,,,,,,,,,,,,,,,,,,,,,
大肠癌,肝肾阴虚证,低热颧红 ,,,,,,,,,,,,,,,,,,,,,,
大肠癌,肝肾阴虚证,口咽干燥 ,,,,,,,,,,,,,,,,,,,,,,
大肠癌,肝肾阴虚证,盗汗 ,,,,,,,,,,,,,,,,,,,,,,
大肠癌,肝肾阴虚证,遗精 ,,,,,,,,,,,,,,,,,,,,,,
大肠癌,肝肾阴虚证,月经不调 ,,,,,,,,,,,,,,,,,,,,,,
大肠癌,肝肾阴虚证,形瘦纳差,,,,,,,,,,,,,,,,,,,,,,
大肠癌,肝肾阴虚证, 舌红 ,,,,,,,,,,,,,,,,,,,,,,
大肠癌,肝肾阴虚证,少苔 ,,,,,,,,,,,,,,,,,,,,,,
大肠癌,肝肾阴虚证,脉弦细数,,,,,,,,,,,,,,,,,,,,,,
腹痛[病],,腹部疼痛,,,,,,,,,,,,,,,,,,,,,,
腹痛,寒实证,腹中痛 ,,,,,,,,,,,,,,,,,,,,,,
腹痛,寒实证,大便不畅 ,,,,,,,,,,,,,,,,,,,,,,
腹痛,寒实证,胁下偏痛 ,,,,,,,,,,,,,,,,,,,,,,
腹痛,寒实证,手足厥逆 ,,,,,,,,,,,,,,,,,,,,,,
腹痛,寒实证,苔白 ,,,,,,,,,,,,,,,,,,,,,,
腹痛,寒实证,脉弦紧,,,,,,,,,,,,,,,,,,,,,,
腹痛,热积证,身热腹痛 ,,,,,,,,,,,,,,,,,,,,,,
腹痛,热积证,时作时止 ,,,,,,,,,,,,,,,,,,,,,,
腹痛,热积证,痛则汗出 ,,,,,,,,,,,,,,,,,,,,,,
腹痛,热积证,痛而作声 ,,,,,,,,,,,,,,,,,,,,,,
腹痛,热积证,烦躁失眠 ,,,,,,,,,,,,,,,,,,,,,,
腹痛,热积证,痛欲大便 ,,,,,,,,,,,,,,,,,,,,,,
腹痛,热积证,便后即止 ,,,,,,,,,,,,,,,,,,,,,,
腹痛,热积证,舌红 ,,,,,,,,,,,,,,,,,,,,,,
腹痛,热积证,苔黄 ,,,,,,,,,,,,,,,,,,,,,,
腹痛,热积证,脉数,,,,,,,,,,,,,,,,,,,,,,
腹痛,实热证,腹部痞满胀痛 ,,,,,,,,,,,,,,,,,,,,,,
腹痛,实热证,拒按 ,,,,,,,,,,,,,,,,,,,,,,
腹痛,实热证,潮热 ,,,,,,,,,,,,,,,,,,,,,,
腹痛,实热证,大便不通 ,,,,,,,,,,,,,,,,,,,,,,
腹痛,实热证,口干引饮 ,,,,,,,,,,,,,,,,,,,,,,
腹痛,实热证,手足缛缓钩 ,,,,,,,,,,,,,,,,,,,,,,
腹痛,实热证,矢气频转 ,,,,,,,,,,,,,,,,,,,,,,
腹痛,实热证,下利清水 ,,,,,,,,,,,,,,,,,,,,,,
腹痛,实热证,色纯青 ,,,,,,,,,,,,,,,,,,,,,,
腹痛,实热证,臭秽 ,,,,,,,,,,,,,,,,,,,,,,
腹痛,实热证,腹部作痛 ,,,,,,,,,,,,,,,,,,,,,,
腹痛,实热证,按之硬满 ,,,,,,,,,,,,,,,,,,,,,,
腹痛,实热证,苔焦黄起刺或焦黑燥热 ,,,,,,,,,,,,,,,,,,,,,,
腹痛,实热证,脉沉实有力,,,,,,,,,,,,,,,,,,,,,,
腹痛,湿热[蕴结]证,身热口渴 ,,,,,,,,,,,,,,,,,,,,,,
腹痛,湿热[蕴结]证,头身沉重胀痛 ,,,,,,,,,,,,,,,,,,,,,,
腹痛,湿热[蕴结]证,胸闷脘痞腹胀 ,,,,,,,,,,,,,,,,,,,,,,
腹痛,湿热[蕴结]证,纳呆呕恶 ,,,,,,,,,,,,,,,,,,,,,,
腹痛,湿热[蕴结]证,便溏不爽 ,,,,,,,,,,,,,,,,,,,,,,
腹痛,湿热[蕴结]证,舌红 ,,,,,,,,,,,,,,,,,,,,,,
腹痛,湿热[蕴结]证,苔黄腻,,,,,,,,,,,,,,,,,,,,,,
腹痛,湿热[蕴结]证,脉濡数或滑数,,,,,,,,,,,,,,,,,,,,,,
腹痛,酒积证,腹痛欲利 ,,,,,,,,,,,,,,,,,,,,,,
腹痛,酒积证,利下黄沫 ,,,,,,,,,,,,,,,,,,,,,,
腹痛,酒积证,酒后加剧 ,,,,,,,,,,,,,,,,,,,,,,
腹痛,酒积证,小便赤涩 ,,,,,,,,,,,,,,,,,,,,,,
腹痛,酒积证,脉洪数滑大,,,,,,,,,,,,,,,,,,,,,,
腹痛,食积证,脘腹胀满疼痛 ,,,,,,,,,,,,,,,,,,,,,,
腹痛,食积证,拒按 ,,,,,,,,,,,,,,,,,,,,,,
腹痛,食积证,嗳腐吞酸 ,,,,,,,,,,,,,,,,,,,,,,
腹痛,食积证,厌食呕恶 ,,,,,,,,,,,,,,,,,,,,,,
腹痛,食积证,痛甚欲便 ,,,,,,,,,,,,,,,,,,,,,,
腹痛,食积证,便后痛减 ,,,,,,,,,,,,,,,,,,,,,,
腹痛,食积证,大便不通 ,,,,,,,,,,,,,,,,,,,,,,
腹痛,食积证,苔厚腻 ,,,,,,,,,,,,,,,,,,,,,,
腹痛,食积证,脉滑有力,,,,,,,,,,,,,,,,,,,,,,
腹痛,痰积证,腹痛时作时止 ,,,,,,,,,,,,,,,,,,,,,,
腹痛,痰积证,利下白积 ,,,,,,,,,,,,,,,,,,,,,,
腹痛,痰积证,光亮不臭 ,,,,,,,,,,,,,,,,,,,,,,
腹痛,痰积证,恶心眩晕 ,,,,,,,,,,,,,,,,,,,,,,
腹痛,痰积证,肠鸣 ,,,,,,,,,,,,,,,,,,,,,,
腹痛,痰积证,苔白 ,,,,,,,,,,,,,,,,,,,,,,
腹痛,痰积证,脉滑,,,,,,,,,,,,,,,,,,,,,,
腹痛,肝气郁结证,腹痛胀闷 ,,,,,,,,,,,,,,,,,,,,,,
腹痛,肝气郁结证,痛无定处,,,,,,,,,,,,,,,,,,,,,,
腹痛,肝气郁结证,痛引少腹 ,,,,,,,,,,,,,,,,,,,,,,
腹痛,肝气郁结证,兼痛窜两胁 ,,,,,,,,,,,,,,,,,,,,,,
腹痛,肝气郁结证,时作时止 ,,,,,,,,,,,,,,,,,,,,,,
腹痛,肝气郁结证,得嗳气或矢气则舒 ,,,,,,,,,,,,,,,,,,,,,,
腹痛,肝气郁结证,遇忧思恼怒则剧 ,,,,,,,,,,,,,,,,,,,,,,
腹痛,肝气郁结证,舌红 ,,,,,,,,,,,,,,,,,,,,,,
腹痛,肝气郁结证,苔薄白 ,,,,,,,,,,,,,,,,,,,,,,
腹痛,肝气郁结证,脉弦,,,,,,,,,,,,,,,,,,,,,,
腹痛,瘀血证,腹中刺痛 ,,,,,,,,,,,,,,,,,,,,,,
腹痛,瘀血证,痛有定处 ,,,,,,,,,,,,,,,,,,,,,,
腹痛,瘀血证,喜热拒按 ,,,,,,,,,,,,,,,,,,,,,,
腹痛,瘀血证,持续不愈 ,,,,,,,,,,,,,,,,,,,,,,
腹痛,瘀血证,有积块 ,,,,,,,,,,,,,,,,,,,,,,
腹痛,瘀血证,夜间加重 ,,,,,,,,,,,,,,,,,,,,,,
腹痛,瘀血证,舌青紫 ,,,,,,,,,,,,,,,,,,,,,,
腹痛,瘀血证,脉涩,,,,,,,,,,,,,,,,,,,,,,
腹痛,中脏虚寒证,腹痛绵绵 ,,,,,,,,,,,,,,,,,,,,,,
腹痛,中脏虚寒证,时作时止 ,,,,,,,,,,,,,,,,,,,,,,
腹痛,中脏虚寒证,喜热恶冷 ,,,,,,,,,,,,,,,,,,,,,,
腹痛,中脏虚寒证,痛时喜按 ,,,,,,,,,,,,,,,,,,,,,,
腹痛,中脏虚寒证,饥饿劳累后加重 ,,,,,,,,,,,,,,,,,,,,,,
腹痛,中脏虚寒证,得食休息后减轻 ,,,,,,,,,,,,,,,,,,,,,,
腹痛,中脏虚寒证,神疲乏力 ,,,,,,,,,,,,,,,,,,,,,,
腹痛,中脏虚寒证,气短懒言 ,,,,,,,,,,,,,,,,,,,,,,
腹痛,中脏虚寒证,形寒肢冷 ,,,,,,,,,,,,,,,,,,,,,,
腹痛,中脏虚寒证,胃纳不佳 ,,,,,,,,,,,,,,,,,,,,,,
腹痛,中脏虚寒证,面色无华 ,,,,,,,,,,,,,,,,,,,,,,
腹痛,中脏虚寒证,大便溏薄 ,,,,,,,,,,,,,,,,,,,,,,
腹痛,中脏虚寒证,舌淡 ,,,,,,,,,,,,,,,,,,,,,,
腹痛,中脏虚寒证,苔薄白 ,,,,,,,,,,,,,,,,,,,,,,
腹痛,中脏虚寒证,脉沉细,,,,,,,,,,,,,,,,,,,,,,
腹痛,气虚证,时时腹痛 ,,,,,,,,,,,,,,,,,,,,,,
腹痛,气虚证,按之稍减 ,,,,,,,,,,,,,,,,,,,,,,
腹痛,气虚证,面色萎黄 ,,,,,,,,,,,,,,,,,,,,,,
腹痛,气虚证,言语轻微 ,,,,,,,,,,,,,,,,,,,,,,
腹痛,气虚证,饮食减少 ,,,,,,,,,,,,,,,,,,,,,,
腹痛,气虚证,舌淡 ,,,,,,,,,,,,,,,,,,,,,,
腹痛,气虚证,苔薄 ,,,,,,,,,,,,,,,,,,,,,,
腹痛,气虚证,脉细弱,,,,,,,,,,,,,,,,,,,,,,
腹胀[病],,腹部胀满,,,,,,,,,,,,,,,,,,,,,,
腹胀,湿热[蕴结]证,腹胀胁痛 ,,,,,,,,,,,,,,,,,,,,,,
腹胀,湿热[蕴结]证,面目黄肿 ,,,,,,,,,,,,,,,,,,,,,,
腹胀,湿热[蕴结]证,小便赤涩 ,,,,,,,,,,,,,,,,,,,,,,
腹胀,湿热[蕴结]证,大便或结或呈黄色糊状 ,,,,,,,,,,,,,,,,,,,,,,
腹胀,湿热[蕴结]证,日晡潮热 ,,,,,,,,,,,,,,,,,,,,,,
腹胀,湿热[蕴结]证,烦渴口苦 ,,,,,,,,,,,,,,,,,,,,,,
腹胀,湿热[蕴结]证,口中黏腻 ,,,,,,,,,,,,,,,,,,,,,,
腹胀,湿热[蕴结]证,舌红 ,,,,,,,,,,,,,,,,,,,,,,
腹胀,湿热[蕴结]证,苔黄腻 ,,,,,,,,,,,,,,,,,,,,,,
腹胀,湿热[蕴结]证,脉浮濡或滑,,,,,,,,,,,,,,,,,,,,,,
腹胀,痰饮证,胸腹满闷 ,,,,,,,,,,,,,,,,,,,,,,
腹胀,痰饮证,喘急 ,,,,,,,,,,,,,,,,,,,,,,
腹胀,痰饮证,短气倚肩 ,,,,,,,,,,,,,,,,,,,,,,
腹胀,痰饮证,呕恶痰涎 ,,,,,,,,,,,,,,,,,,,,,,
腹胀,痰饮证,腹中漉漉有声 ,,,,,,,,,,,,,,,,,,,,,,
腹胀,痰饮证,舌淡 ,,,,,,,,,,,,,,,,,,,,,,
腹胀,痰饮证,苔腻 ,,,,,,,,,,,,,,,,,,,,,,
腹胀,痰饮证,脉弦或沉滑,,,,,,,,,,,,,,,,,,,,,,
腹胀,食积证,脘腹胀急,,,,,,,,,,,,,,,,,,,,,,
腹胀,食积证, 按之实痛 ,,,,,,,,,,,,,,,,,,,,,,
腹胀,食积证,腹有筋形突起 ,,,,,,,,,,,,,,,,,,,,,,
腹胀,食积证,痛而欲利 ,,,,,,,,,,,,,,,,,,,,,,
腹胀,食积证,利后稍减 ,,,,,,,,,,,,,,,,,,,,,,
腹胀,食积证,脉滑沉实,,,,,,,,,,,,,,,,,,,,,,
腹胀,肝火证,两胁疼痛 ,,,,,,,,,,,,,,,,,,,,,,
腹胀,肝火证,小腹胀急 ,,,,,,,,,,,,,,,,,,,,,,
腹胀,肝火证,攻刺作痛 ,,,,,,,,,,,,,,,,,,,,,,
腹胀,肝火证,目黄 ,,,,,,,,,,,,,,,,,,,,,,
腹胀,肝火证,小便赤 ,,,,,,,,,,,,,,,,,,,,,,
腹胀,肝火证,夜不得寐 ,,,,,,,,,,,,,,,,,,,,,,
腹胀,肝火证,舌红 ,,,,,,,,,,,,,,,,,,,,,,
腹胀,肝火证,苔黄 ,,,,,,,,,,,,,,,,,,,,,,
腹胀,肝火证,脉弦数或沉弦,,,,,,,,,,,,,,,,,,,,,,
腹胀,肝肾两虚证,腰软作痛 ,,,,,,,,,,,,,,,,,,,,,,
腹胀,肝肾两虚证,痛连季胁 ,,,,,,,,,,,,,,,,,,,,,,
腹胀,肝肾两虚证,小便常涩 ,,,,,,,,,,,,,,,,,,,,,,
腹胀,肝肾两虚证,气怯消瘦 ,,,,,,,,,,,,,,,,,,,,,,
腹胀,肝肾两虚证,小腹胀冷 ,,,,,,,,,,,,,,,,,,,,,,
腹胀,肝肾两虚证,舌淡 ,,,,,,,,,,,,,,,,,,,,,,
腹胀,肝肾两虚证,苔薄白 ,,,,,,,,,,,,,,,,,,,,,,
腹胀,肝肾两虚证,脉细数或沉迟,,,,,,,,,,,,,,,,,,,,,,
腹胀,脾实证,腹胀 ,,,,,,,,,,,,,,,,,,,,,,
腹胀,脾实证,面目黄肿 ,,,,,,,,,,,,,,,,,,,,,,
腹胀,脾实证,夜不得寐 ,,,,,,,,,,,,,,,,,,,,,,
腹胀,脾实证,肚腹时热 ,,,,,,,,,,,,,,,,,,,,,,
腹胀,脾实证,小便赤色 ,,,,,,,,,,,,,,,,,,,,,,
腹胀,脾实证,大便或结,,,,,,,,,,,,,,,,,,,,,,
腹胀,脾实证, 时作痛 ,,,,,,,,,,,,,,,,,,,,,,
腹胀,脾实证,泻下黄沫 ,,,,,,,,,,,,,,,,,,,,,,
腹胀,脾实证,肛门热痛 ,,,,,,,,,,,,,,,,,,,,,,
腹胀,脾实证,舌红 ,,,,,,,,,,,,,,,,,,,,,,
腹胀,脾实证,苔黄腻 ,,,,,,,,,,,,,,,,,,,,,,
腹胀,脾实证,脉滑数,,,,,,,,,,,,,,,,,,,,,,
腹胀,肺热证,腹胀胸满 ,,,,,,,,,,,,,,,,,,,,,,
腹胀,肺热证,喘息咳逆 ,,,,,,,,,,,,,,,,,,,,,,
腹胀,肺热证,不得仰卧 ,,,,,,,,,,,,,,,,,,,,,,
腹胀,肺热证,烦闷不适 ,,,,,,,,,,,,,,,,,,,,,,
腹胀,肺热证,舌红 ,,,,,,,,,,,,,,,,,,,,,,
腹胀,肺热证,脉数,,,,,,,,,,,,,,,,,,,,,,
腹胀,脾虚证,脘腹时胀时消,,,,,,,,,,,,,,,,,,,,,,
腹胀,脾虚证, 朝宽暮急 ,,,,,,,,,,,,,,,,,,,,,,
腹胀,脾虚证,食少身倦 ,,,,,,,,,,,,,,,,,,,,,,
腹胀,脾虚证,二便清利 ,,,,,,,,,,,,,,,,,,,,,,
腹胀,脾虚证,言语轻微 ,,,,,,,,,,,,,,,,,,,,,,
腹胀,脾虚证,舌淡 ,,,,,,,,,,,,,,,,,,,,,,
腹胀,脾虚证,苔薄白 ,,,,,,,,,,,,,,,,,,,,,,
腹胀,脾虚证,脉弦或虚,,,,,,,,,,,,,,,,,,,,,,
腹胀,肺虚证,腹胀 ,,,,,,,,,,,,,,,,,,,,,,
腹胀,肺虚证,时胀时退 ,,,,,,,,,,,,,,,,,,,,,,
腹胀,肺虚证,咳嗽短气 ,,,,,,,,,,,,,,,,,,,,,,
腹胀,肺虚证,面色惨白 ,,,,,,,,,,,,,,,,,,,,,,
腹胀,肺虚证,二便清利 ,,,,,,,,,,,,,,,,,,,,,,
腹胀,肺虚证,肌肉消瘦 ,,,,,,,,,,,,,,,,,,,,,,
腹胀,肺虚证,多汗骨蒸 ,,,,,,,,,,,,,,,,,,,,,,
腹胀,肺虚证,舌红或淡 ,,,,,,,,,,,,,,,,,,,,,,
腹胀,肺虚证,苔少或薄 ,,,,,,,,,,,,,,,,,,,,,,
腹胀,肺虚证,脉微,,,,,,,,,,,,,,,,,,,,,,
腹胀,肾虚证,腹胀 ,,,,,,,,,,,,,,,,,,,,,,
腹胀,肾虚证,便溏 ,,,,,,,,,,,,,,,,,,,,,,
腹胀,肾虚证,五更泄泻迟,,,,,,,,,,,,,,,,,,,,,,
腹胀,肾虚证, 精神不振 ,,,,,,,,,,,,,,,,,,,,,,
腹胀,肾虚证,腰膝酸软 ,,,,,,,,,,,,,,,,,,,,,,
腹胀,肾虚证,四肢清冷 ,,,,,,,,,,,,,,,,,,,,,,
腹胀,肾虚证,夜尿频数 ,,,,,,,,,,,,,,,,,,,,,,
腹胀,肾虚证,舌淡,,,,,,,,,,,,,,,,,,,,,,
腹胀,肾虚证, 苔白,,,,,,,,,,,,,,,,,,,,,,
腹胀,肾虚证, 脉沉,,,,,,,,,,,,,,,,,,,,,,
腹胀,脏寒证,小腹胀急 ,,,,,,,,,,,,,,,,,,,,,,
腹胀,脏寒证,冷硬如冰 ,,,,,,,,,,,,,,,,,,,,,,
腹胀,脏寒证,小便清利 ,,,,,,,,,,,,,,,,,,,,,,
腹胀,脏寒证,大便时泻 ,,,,,,,,,,,,,,,,,,,,,,
腹胀,脏寒证,四肢常冷 ,,,,,,,,,,,,,,,,,,,,,,
腹胀,脏寒证,不思饮食 ,,,,,,,,,,,,,,,,,,,,,,
腹胀,脏寒证,唇淡面白 ,,,,,,,,,,,,,,,,,,,,,,
腹胀,脏寒证,言语轻微 ,,,,,,,,,,,,,,,,,,,,,,
腹胀,脏寒证,舌淡胖 ,,,,,,,,,,,,,,,,,,,,,,
腹胀,脏寒证,苔薄白 ,,,,,,,,,,,,,,,,,,,,,,
腹胀,脏寒证,脉沉迟细无力,,,,,,,,,,,,,,,,,,,,,,
脘腹痛,,胃脘及腹部疼痛,,,,,,,,,,,,,,,,,,,,,,
便秘[病],,排便困难,,,,,,,,,,,,,,,,,,,,,,
实秘,,风寒痰热、食积气滞胃肠等所致的便秘。,,,,,,,,,,,,,,,,,,,,,,
风秘,,大便燥结 ,,,,,,,,,,,,,,,,,,,,,,
风秘,,排便艰难,,,,,,,,,,,,,,,,,,,,,,
冷秘,,大便艰涩 ,,,,,,,,,,,,,,,,,,,,,,
冷秘,,腹痛拘急 ,,,,,,,,,,,,,,,,,,,,,,
冷秘,,胀满拒按 ,,,,,,,,,,,,,,,,,,,,,,
冷秘,,胁下偏痛 ,,,,,,,,,,,,,,,,,,,,,,
冷秘,,手足不温 ,,,,,,,,,,,,,,,,,,,,,,
冷秘,,呃逆呕吐,,,,,,,,,,,,,,,,,,,,,,
冷秘,, 苔白腻 ,,,,,,,,,,,,,,,,,,,,,,
冷秘,,脉弦紧,,,,,,,,,,,,,,,,,,,,,,
热秘,,大便干结 ,,,,,,,,,,,,,,,,,,,,,,
热秘,,腹胀腹痛 ,,,,,,,,,,,,,,,,,,,,,,
热秘,,口干口臭 ,,,,,,,,,,,,,,,,,,,,,,
热秘,,面红心烦 ,,,,,,,,,,,,,,,,,,,,,,
热秘,,有身热 ,,,,,,,,,,,,,,,,,,,,,,
热秘,,小便短赤 ,,,,,,,,,,,,,,,,,,,,,,
热秘,,舌红 ,,,,,,,,,,,,,,,,,,,,,,
热秘,,苔黄燥 ,,,,,,,,,,,,,,,,,,,,,,
热秘,,脉滑数,,,,,,,,,,,,,,,,,,,,,,
气秘,,大便干结 ,,,,,,,,,,,,,,,,,,,,,,
气秘,,不甚干结 ,,,,,,,,,,,,,,,,,,,,,,
气秘,,欲便不得出 ,,,,,,,,,,,,,,,,,,,,,,
气秘,,便而不爽 ,,,,,,,,,,,,,,,,,,,,,,
气秘,,肠鸣矢气 ,,,,,,,,,,,,,,,,,,,,,,
气秘,,腹中胀痛 ,,,,,,,,,,,,,,,,,,,,,,
气秘,,嗳气频作 ,,,,,,,,,,,,,,,,,,,,,,
气秘,,纳食减少 ,,,,,,,,,,,,,,,,,,,,,,
气秘,,胸胁痞满 ,,,,,,,,,,,,,,,,,,,,,,
气秘,,苔薄腻 ,,,,,,,,,,,,,,,,,,,,,,
气秘,,脉弦,,,,,,,,,,,,,,,,,,,,,,
虚秘,,气虚 ,,,,,,,,,,,,,,,,,,,,,,
虚秘,,血虚 ,,,,,,,,,,,,,,,,,,,,,,
虚秘,,津虚,,,,,,,,,,,,,,,,,,,,,,
虚秘,,液虚 ,,,,,,,,,,,,,,,,,,,,,,
虚秘,,阴虚 ,,,,,,,,,,,,,,,,,,,,,,
虚秘,,阳虚,,,,,,,,,,,,,,,,,,,,,,
便秘,气虚证,虽有便意临厕努挣乏力 ,,,,,,,,,,,,,,,,,,,,,,
便秘,气虚证,难以排出 ,,,,,,,,,,,,,,,,,,,,,,
便秘,气虚证,便后乏力 ,,,,,,,,,,,,,,,,,,,,,,
便秘,气虚证,汗出气短 ,,,,,,,,,,,,,,,,,,,,,,
便秘,气虚证,面白神疲 ,,,,,,,,,,,,,,,,,,,,,,
便秘,气虚证,肢倦懒言 ,,,,,,,,,,,,,,,,,,,,,,
便秘,气虚证,舌淡胖 ,,,,,,,,,,,,,,,,,,,,,,
便秘,气虚证,舌边有齿痕 ,,,,,,,,,,,,,,,,,,,,,,
便秘,气虚证,苔薄白 ,,,,,,,,,,,,,,,,,,,,,,
便秘,气虚证,脉细弱,,,,,,,,,,,,,,,,,,,,,,
便秘,血虚证,大便干结 ,,,,,,,,,,,,,,,,,,,,,,
便秘,血虚证,努挣不下 ,,,,,,,,,,,,,,,,,,,,,,
便秘,血虚证,面色苍白 ,,,,,,,,,,,,,,,,,,,,,,
便秘,血虚证,头晕目眩 ,,,,,,,,,,,,,,,,,,,,,,
便秘,血虚证,心悸气短 ,,,,,,,,,,,,,,,,,,,,,,
便秘,血虚证,失眠健忘 ,,,,,,,,,,,,,,,,,,,,,,
便秘,血虚证,口干心烦 ,,,,,,,,,,,,,,,,,,,,,,
便秘,血虚证,潮热盗汗 ,,,,,,,,,,,,,,,,,,,,,,
便秘,血虚证,耳鸣 ,,,,,,,,,,,,,,,,,,,,,,
便秘,血虚证,腰膝酸软 ,,,,,,,,,,,,,,,,,,,,,,
便秘,血虚证,舌淡 ,,,,,,,,,,,,,,,,,,,,,,
便秘,血虚证,苔白 ,,,,,,,,,,,,,,,,,,,,,,
便秘,血虚证,脉细,,,,,,,,,,,,,,,,,,,,,,
便秘,阴虚证,大便干结如羊矢状 ,,,,,,,,,,,,,,,,,,,,,,
便秘,阴虚证,形体消瘦 ,,,,,,,,,,,,,,,,,,,,,,
便秘,阴虚证,头晕耳鸣 ,,,,,,,,,,,,,,,,,,,,,,
便秘,阴虚证,两颧红赤 ,,,,,,,,,,,,,,,,,,,,,,
便秘,阴虚证,心烦少眠 ,,,,,,,,,,,,,,,,,,,,,,
便秘,阴虚证,口苦口干 ,,,,,,,,,,,,,,,,,,,,,,
便秘,阴虚证,潮热盗汗 ,,,,,,,,,,,,,,,,,,,,,,
便秘,阴虚证,腰膝酸软 ,,,,,,,,,,,,,,,,,,,,,,
便秘,阴虚证,舌红 ,,,,,,,,,,,,,,,,,,,,,,
便秘,阴虚证,少苔 ,,,,,,,,,,,,,,,,,,,,,,
便秘,阴虚证,脉细数,,,,,,,,,,,,,,,,,,,,,,
便秘,阳虚证,大便艰涩 ,,,,,,,,,,,,,,,,,,,,,,
便秘,阳虚证,排出困难 ,,,,,,,,,,,,,,,,,,,,,,
便秘,阳虚证,面色s白 ,,,,,,,,,,,,,,,,,,,,,,
便秘,阳虚证,四肢不温 ,,,,,,,,,,,,,,,,,,,,,,
便秘,阳虚证,喜热怕冷 ,,,,,,,,,,,,,,,,,,,,,,
便秘,阳虚证,小便清长 ,,,,,,,,,,,,,,,,,,,,,,
便秘,阳虚证,腹中冷痛 ,,,,,,,,,,,,,,,,,,,,,,
便秘,阳虚证,拘急拒按 ,,,,,,,,,,,,,,,,,,,,,,
便秘,阳虚证,腰膝酸冷 ,,,,,,,,,,,,,,,,,,,,,,
便秘,阳虚证,舌淡 ,,,,,,,,,,,,,,,,,,,,,,
便秘,阳虚证,苔白或薄腻 ,,,,,,,,,,,,,,,,,,,,,,
便秘,阳虚证,脉沉迟或沉弦,,,,,,,,,,,,,,,,,,,,,,
脾约,,小便数 ,,,,,,,,,,,,,,,,,,,,,,
脾约,,大便硬 ,,,,,,,,,,,,,,,,,,,,,,
脾约,,数日不行 ,,,,,,,,,,,,,,,,,,,,,,
脾约,,口干腹胀 ,,,,,,,,,,,,,,,,,,,,,,
脾约,,纳食尚可,,,,,,,,,,,,,,,,,,,,,,
二便失调,,大便和小便失常,,,,,,,,,,,,,,,,,,,,,,
二便不通,,大便和小便不畅 ,,,,,,,,,,,,,,,,,,,,,,
二便不通,,闭塞不通,,,,,,,,,,,,,,,,,,,,,,
肠痹,,腹胀如鼓 ,,,,,,,,,,,,,,,,,,,,,,
肠痹,,腹痛 ,,,,,,,,,,,,,,,,,,,,,,
肠痹,,呕吐 ,,,,,,,,,,,,,,,,,,,,,,
肠痹,,便秘 ,,,,,,,,,,,,,,,,,,,,,,
肠痹,,无肠鸣、矢气,,,,,,,,,,,,,,,,,,,,,,
胃石,,因食入大量柿子或黑枣后 在胃中结聚成石的疾病。,,,,,,,,,,,,,,,,,,,,,,
伤食,,恶心厌食 ,,,,,,,,,,,,,,,,,,,,,,
伤食,,嗳腐吐馊 ,,,,,,,,,,,,,,,,,,,,,,
伤食,,脘腹胀痛,,,,,,,,,,,,,,,,,,,,,,
宿食,,脘腹胀痛 ,,,,,,,,,,,,,,,,,,,,,,
宿食,,恶心厌食 ,,,,,,,,,,,,,,,,,,,,,,
宿食,,嗳腐吞酸,,,,,,,,,,,,,,,,,,,,,,
厌食[病],,长期厌恶饮食 ,,,,,,,,,,,,,,,,,,,,,,
厌食[病],,消瘦疲乏,,,,,,,,,,,,,,,,,,,,,,
解?,,肢体困倦 ,,,,,,,,,,,,,,,,,,,,,,
解?,,筋骨懈怠 ,,,,,,,,,,,,,,,,,,,,,,
解?,,消瘦 ,,,,,,,,,,,,,,,,,,,,,,
解?,,肌肉涣散无力,,,,,,,,,,,,,,,,,,,,,,
脾热病,,头重 ,,,,,,,,,,,,,,,,,,,,,,
脾热病,,颊痛 ,,,,,,,,,,,,,,,,,,,,,,
脾热病,,烦心 ,,,,,,,,,,,,,,,,,,,,,,
脾热病,,颜面发青 ,,,,,,,,,,,,,,,,,,,,,,
脾热病,,恶心欲吐 ,,,,,,,,,,,,,,,,,,,,,,
脾热病,,身热 ,,,,,,,,,,,,,,,,,,,,,,
脾热病,,腰痛不可俯仰 ,,,,,,,,,,,,,,,,,,,,,,
脾热病,,腹胀满 ,,,,,,,,,,,,,,,,,,,,,,
脾热病,,腹泻 ,,,,,,,,,,,,,,,,,,,,,,
脾热病,,两颔疼痛,,,,,,,,,,,,,,,,,,,,,,
痰饮[病],,痰饮停积于内所致的疾病的统称。,,,,,,,,,,,,,,,,,,,,,,
痰饮,饮留胃肠证,脘腹胀满 ,,,,,,,,,,,,,,,,,,,,,,
痰饮,饮留胃肠证,胃中有振水声 ,,,,,,,,,,,,,,,,,,,,,,
痰饮,饮留胃肠证,呕吐清涎 ,,,,,,,,,,,,,,,,,,,,,,
痰饮,饮留胃肠证,肠间水声漉漉 ,,,,,,,,,,,,,,,,,,,,,,
痰饮,饮留胃肠证,口淡不渴 ,,,,,,,,,,,,,,,,,,,,,,
痰饮,饮留胃肠证,头目眩晕 ,,,,,,,,,,,,,,,,,,,,,,
痰饮,饮留胃肠证,苔白滑 ,,,,,,,,,,,,,,,,,,,,,,
痰饮,饮留胃肠证,脉沉滑,,,,,,,,,,,,,,,,,,,,,,
痰饮,饮邪化热证,脘腹坚满或灼痛 ,,,,,,,,,,,,,,,,,,,,,,
痰饮,饮邪化热证,烦躁 ,,,,,,,,,,,,,,,,,,,,,,
痰饮,饮邪化热证,口干口苦 ,,,,,,,,,,,,,,,,,,,,,,
痰饮,饮邪化热证,舌红而燥 ,,,,,,,,,,,,,,,,,,,,,,
痰饮,饮邪化热证,大便秘结 ,,,,,,,,,,,,,,,,,,,,,,
痰饮,饮邪化热证,小便赤涩 ,,,,,,,,,,,,,,,,,,,,,,
痰饮,饮邪化热证,舌红,,,,,,,,,,,,,,,,,,,,,,
痰饮,饮邪化热证, 苔薄黄腻或黄腻,,,,,,,,,,,,,,,,,,,,,,
痰饮,饮邪化热证, 脉滑,,,,,,,,,,,,,,,,,,,,,,
痰饮,脾阳虚证,胸胁支满 ,,,,,,,,,,,,,,,,,,,,,,
痰饮,脾阳虚证,心下痞闷 ,,,,,,,,,,,,,,,,,,,,,,
痰饮,脾阳虚证,胃中有振水音 ,,,,,,,,,,,,,,,,,,,,,,
痰饮,脾阳虚证,脘腹喜温畏冷 ,,,,,,,,,,,,,,,,,,,,,,
痰饮,脾阳虚证,泛吐清水痰涎 ,,,,,,,,,,,,,,,,,,,,,,
痰饮,脾阳虚证,饮入易吐 ,,,,,,,,,,,,,,,,,,,,,,
痰饮,脾阳虚证,口渴不欲饮水 ,,,,,,,,,,,,,,,,,,,,,,
痰饮,脾阳虚证,头晕目眩 ,,,,,,,,,,,,,,,,,,,,,,
痰饮,脾阳虚证,心悸气短 ,,,,,,,,,,,,,,,,,,,,,,
痰饮,脾阳虚证,食少 ,,,,,,,,,,,,,,,,,,,,,,
痰饮,脾阳虚证,大便或溏 ,,,,,,,,,,,,,,,,,,,,,,
痰饮,脾阳虚证,形体逐渐消瘦 ,,,,,,,,,,,,,,,,,,,,,,
痰饮,脾阳虚证,苔白滑 ,,,,,,,,,,,,,,,,,,,,,,
痰饮,脾阳虚证,脉弦细滑,,,,,,,,,,,,,,,,,,,,,,
支饮,,咳喘胸满不得卧 ,,,,,,,,,,,,,,,,,,,,,,
支饮,,痰清稀 ,,,,,,,,,,,,,,,,,,,,,,
支饮,,白沫量多 ,,,,,,,,,,,,,,,,,,,,,,
支饮,,面浮肢肿 ,,,,,,,,,,,,,,,,,,,,,,
支饮,,平素伏而不作 ,,,,,,,,,,,,,,,,,,,,,,
支饮,,每遇寒即发 ,,,,,,,,,,,,,,,,,,,,,,
支饮,,身有寒热 ,,,,,,,,,,,,,,,,,,,,,,
支饮,,背痛 ,,,,,,,,,,,,,,,,,,,,,,
支饮,,身痛 ,,,,,,,,,,,,,,,,,,,,,,
支饮,,舌淡体胖有齿痕 ,,,,,,,,,,,,,,,,,,,,,,
支饮,,苔白滑或白腻  ,,,,,,,,,,,,,,,,,,,,,,
支饮,,脉紧,,,,,,,,,,,,,,,,,,,,,,
溢饮,,头面、下肢或全身浮肿,,,,,,,,,,,,,,,,,,,,,,
溢饮,,畏冷 ,,,,,,,,,,,,,,,,,,,,,,
溢饮,,乏力,,,,,,,,,,,,,,,,,,,,,,
留饮,,水饮蓄留体内 聚于胸膈胁腹或四肢关节 影响有关脏腑组织功能 如饮留心下则背寒冷如掌大;饮留胸胁则短气而渴 胁下痛引缺盆 咳嗽后减轻;饮留于肾 阴囊及足胫浮肿 四肢关节疼痛 脉沉为主要表现的疾病。,,,,,,,,,,,,,,,,,,,,,,
伏饮,,恶寒发热 ,,,,,,,,,,,,,,,,,,,,,,
伏饮,,咳嗽 ,,,,,,,,,,,,,,,,,,,,,,
伏饮,,喘促 ,,,,,,,,,,,,,,,,,,,,,,
伏饮,,痰多 ,,,,,,,,,,,,,,,,,,,,,,
伏饮,,目泣自出 ,,,,,,,,,,,,,,,,,,,,,,
伏饮,,腰背酸痛 ,,,,,,,,,,,,,,,,,,,,,,
伏饮,,苔腻 ,,,,,,,,,,,,,,,,,,,,,,
伏饮,,脉沉滑,,,,,,,,,,,,,,,,,,,,,,
停饮,,心痛,,,,,,,,,,,,,,,,,,,,,,
停饮,,胸满,,,,,,,,,,,,,,,,,,,,,,
停饮,,气短,,,,,,,,,,,,,,,,,,,,,,
停饮,,眩晕,,,,,,,,,,,,,,,,,,,,,,
流饮,,痰饮流注无定 若流于肠道则肠道漉漉有声,,,,,,,,,,,,,,,,,,,,,,
肥胖[病],,脂肪过多 ,,,,,,,,,,,,,,,,,,,,,,
肥胖[病],,体重超过标准体重20%以上 ,,,,,,,,,,,,,,,,,,,,,,
肥胖[病],,伴有头晕乏力 ,,,,,,,,,,,,,,,,,,,,,,
肥胖[病],,神疲懒言 ,,,,,,,,,,,,,,,,,,,,,,
肥胖[病],,少动气短,,,,,,,,,,,,,,,,,,,,,,
肥胖,脾胃郁热证,形体肥胖 ,,,,,,,,,,,,,,,,,,,,,,
肥胖,脾胃郁热证,多食 ,,,,,,,,,,,,,,,,,,,,,,
肥胖,脾胃郁热证,消谷善饥 ,,,,,,,,,,,,,,,,,,,,,,
肥胖,脾胃郁热证,脘腹胀满 ,,,,,,,,,,,,,,,,,,,,,,
肥胖,脾胃郁热证,面色红润 ,,,,,,,,,,,,,,,,,,,,,,
肥胖,脾胃郁热证,口干苦 ,,,,,,,,,,,,,,,,,,,,,,
肥胖,脾胃郁热证,心烦头昏 ,,,,,,,,,,,,,,,,,,,,,,
肥胖,脾胃郁热证,胃脘灼痛嘈杂 ,,,,,,,,,,,,,,,,,,,,,,
肥胖,脾胃郁热证,得食则缓 ,,,,,,,,,,,,,,,,,,,,,,
肥胖,脾胃郁热证,舌红 ,,,,,,,,,,,,,,,,,,,,,,
肥胖,脾胃郁热证,苔黄腻 ,,,,,,,,,,,,,,,,,,,,,,
肥胖,脾胃郁热证,脉弦滑,,,,,,,,,,,,,,,,,,,,,,
肥胖,痰湿内盛证,形盛体胖 ,,,,,,,,,,,,,,,,,,,,,,
肥胖,痰湿内盛证,身体重着 ,,,,,,,,,,,,,,,,,,,,,,
肥胖,痰湿内盛证,肢体困倦 ,,,,,,,,,,,,,,,,,,,,,,
肥胖,痰湿内盛证,胸膈痞满 ,,,,,,,,,,,,,,,,,,,,,,
肥胖,痰湿内盛证,痰涎壅盛 ,,,,,,,,,,,,,,,,,,,,,,
肥胖,痰湿内盛证,头晕目眩 ,,,,,,,,,,,,,,,,,,,,,,
肥胖,痰湿内盛证,口干而不欲饮 ,,,,,,,,,,,,,,,,,,,,,,
肥胖,痰湿内盛证,神疲嗜卧 ,,,,,,,,,,,,,,,,,,,,,,
肥胖,痰湿内盛证,苔白腻或白滑 ,,,,,,,,,,,,,,,,,,,,,,
肥胖,痰湿内盛证,脉滑,,,,,,,,,,,,,,,,,,,,,,
肥胖,气滞血瘀证,体形丰满 ,,,,,,,,,,,,,,,,,,,,,,
肥胖,气滞血瘀证,面色紫红或暗红 ,,,,,,,,,,,,,,,,,,,,,,
肥胖,气滞血瘀证,胸闷胁胀 ,,,,,,,,,,,,,,,,,,,,,,
肥胖,气滞血瘀证,偶有刺痛 ,,,,,,,,,,,,,,,,,,,,,,
肥胖,气滞血瘀证,有痞块 ,,,,,,,,,,,,,,,,,,,,,,
肥胖,气滞血瘀证,时消时聚,,,,,,,,,,,,,,,,,,,,,,
肥胖,气滞血瘀证, 心烦易怒 ,,,,,,,,,,,,,,,,,,,,,,
肥胖,气滞血瘀证,夜不能寐或夜寐不安 ,,,,,,,,,,,,,,,,,,,,,,
肥胖,气滞血瘀证,大便秘结 ,,,,,,,,,,,,,,,,,,,,,,
肥胖,气滞血瘀证,舌暗红或有斑点 ,,,,,,,,,,,,,,,,,,,,,,
肥胖,气滞血瘀证,脉弦涩,,,,,,,,,,,,,,,,,,,,,,
肥胖,脾虚不运证,肥胖壅肿 ,,,,,,,,,,,,,,,,,,,,,,
肥胖,脾虚不运证,神疲乏力 ,,,,,,,,,,,,,,,,,,,,,,
肥胖,脾虚不运证,身体困重 ,,,,,,,,,,,,,,,,,,,,,,
肥胖,脾虚不运证,胸闷脘胀 ,,,,,,,,,,,,,,,,,,,,,,
肥胖,脾虚不运证,四肢轻度浮肿 ,,,,,,,,,,,,,,,,,,,,,,
肥胖,脾虚不运证,晨轻暮重 ,,,,,,,,,,,,,,,,,,,,,,
肥胖,脾虚不运证,劳累后明显 ,,,,,,,,,,,,,,,,,,,,,,
肥胖,脾虚不运证,饮食如常或偏少 ,,,,,,,,,,,,,,,,,,,,,,
肥胖,脾虚不运证,小便不利 ,,,,,,,,,,,,,,,,,,,,,,
肥胖,脾虚不运证,便溏泻或不畅 ,,,,,,,,,,,,,,,,,,,,,,
肥胖,脾虚不运证,舌淡胖边有齿印 ,,,,,,,,,,,,,,,,,,,,,,
肥胖,脾虚不运证,苔薄白或白腻 ,,,,,,,,,,,,,,,,,,,,,,
肥胖,脾虚不运证,脉濡细,,,,,,,,,,,,,,,,,,,,,,
肥胖,脾肾阳虚证,形体肥胖 ,,,,,,,,,,,,,,,,,,,,,,
肥胖,脾肾阳虚证,颜面虚浮 ,,,,,,,,,,,,,,,,,,,,,,
肥胖,脾肾阳虚证,神疲嗜卧 ,,,,,,,,,,,,,,,,,,,,,,
肥胖,脾肾阳虚证,气短乏力 ,,,,,,,,,,,,,,,,,,,,,,
肥胖,脾肾阳虚证,腹胀便溏 ,,,,,,,,,,,,,,,,,,,,,,
肥胖,脾肾阳虚证,自汗气喘 ,,,,,,,,,,,,,,,,,,,,,,
肥胖,脾肾阳虚证,动则更甚 ,,,,,,,,,,,,,,,,,,,,,,
肥胖,脾肾阳虚证,畏寒肢冷 ,,,,,,,,,,,,,,,,,,,,,,
肥胖,脾肾阳虚证,下肢浮肿 ,,,,,,,,,,,,,,,,,,,,,,
肥胖,脾肾阳虚证,夜尿频 ,,,,,,,,,,,,,,,,,,,,,,
肥胖,脾肾阳虚证,舌淡胖 ,,,,,,,,,,,,,,,,,,,,,,
肥胖,脾肾阳虚证,苔薄白 ,,,,,,,,,,,,,,,,,,,,,,
肥胖,脾肾阳虚证,脉沉细,,,,,,,,,,,,,,,,,,,,,,
黄疸[病],,面目发黄,,,,,,,,,,,,,,,,,,,,,,
黄疸[病],,身黄,,,,,,,,,,,,,,,,,,,,,,
黄疸[病],,小便黄,,,,,,,,,,,,,,,,,,,,,,
阳黄,,发热 ,,,,,,,,,,,,,,,,,,,,,,
阳黄,,烦渴 ,,,,,,,,,,,,,,,,,,,,,,
阳黄,,身目黄色鲜明如橘子色 ,,,,,,,,,,,,,,,,,,,,,,
阳黄,,小便色深如浓茶,,,,,,,,,,,,,,,,,,,,,,
阳黄,湿热兼表证,目微黄 ,,,,,,,,,,,,,,,,,,,,,,
阳黄,湿热兼表证,小便黄 ,,,,,,,,,,,,,,,,,,,,,,
阳黄,湿热兼表证,脘腹满闷 ,,,,,,,,,,,,,,,,,,,,,,
阳黄,湿热兼表证,不思饮食 ,,,,,,,,,,,,,,,,,,,,,,
阳黄,湿热兼表证,伴恶寒发热 ,,,,,,,,,,,,,,,,,,,,,,
阳黄,湿热兼表证,头身重痛 ,,,,,,,,,,,,,,,,,,,,,,
阳黄,湿热兼表证,倦怠乏力 ,,,,,,,,,,,,,,,,,,,,,,
阳黄,湿热兼表证,苔微黄腻 ,,,,,,,,,,,,,,,,,,,,,,
阳黄,湿热兼表证,脉浮数,,,,,,,,,,,,,,,,,,,,,,
阳黄,热重于湿证,初起目白睛发黄 ,,,,,,,,,,,,,,,,,,,,,,
阳黄,热重于湿证,迅速至全身发黄 ,,,,,,,,,,,,,,,,,,,,,,
阳黄,热重于湿证,黄疸较重 ,,,,,,,,,,,,,,,,,,,,,,
阳黄,热重于湿证,色泽鲜明 ,,,,,,,,,,,,,,,,,,,,,,
阳黄,热重于湿证,壮热口渴 ,,,,,,,,,,,,,,,,,,,,,,
阳黄,热重于湿证,心中懊侬 ,,,,,,,,,,,,,,,,,,,,,,
阳黄,热重于湿证,恶心 ,,,,,,,,,,,,,,,,,,,,,,
阳黄,热重于湿证,呕吐 ,,,,,,,,,,,,,,,,,,,,,,
阳黄,热重于湿证,纳呆 ,,,,,,,,,,,,,,,,,,,,,,
阳黄,热重于湿证,小便赤黄、短少 ,,,,,,,,,,,,,,,,,,,,,,
阳黄,热重于湿证,大便秘结 ,,,,,,,,,,,,,,,,,,,,,,
阳黄,热重于湿证,胁胀痛而拒按 ,,,,,,,,,,,,,,,,,,,,,,
阳黄,热重于湿证,舌红苔黄腻或黄燥 ,,,,,,,,,,,,,,,,,,,,,,
阳黄,热重于湿证,脉弦数或滑数,,,,,,,,,,,,,,,,,,,,,,
阳黄,湿重于热证,身目发黄如橘 ,,,,,,,,,,,,,,,,,,,,,,
阳黄,湿重于热证,无发热或身热不扬 ,,,,,,,,,,,,,,,,,,,,,,
阳黄,湿重于热证,头重身困 ,,,,,,,,,,,,,,,,,,,,,,
阳黄,湿重于热证,嗜卧乏力 ,,,,,,,,,,,,,,,,,,,,,,
阳黄,湿重于热证,胸脘痞闷 ,,,,,,,,,,,,,,,,,,,,,,
阳黄,湿重于热证,纳呆呕恶 ,,,,,,,,,,,,,,,,,,,,,,
阳黄,湿重于热证,厌食油腻 ,,,,,,,,,,,,,,,,,,,,,,
阳黄,湿重于热证,口黏不渴 ,,,,,,,,,,,,,,,,,,,,,,
阳黄,湿重于热证,小便不利 ,,,,,,,,,,,,,,,,,,,,,,
阳黄,湿重于热证,便稀不爽,,,,,,,,,,,,,,,,,,,,,,
阳黄,湿重于热证, 舌苔厚腻微黄 ,,,,,,,,,,,,,,,,,,,,,,
阳黄,湿重于热证,脉濡数或弦滑,,,,,,,,,,,,,,,,,,,,,,
阳黄,肝胆湿热证,身目俱黄 ,,,,,,,,,,,,,,,,,,,,,,
阳黄,肝胆湿热证,黄色鲜明 ,,,,,,,,,,,,,,,,,,,,,,
阳黄,肝胆湿热证,发热口渴 ,,,,,,,,,,,,,,,,,,,,,,
阳黄,肝胆湿热证,心中懊侬 ,,,,,,,,,,,,,,,,,,,,,,
阳黄,肝胆湿热证,口干而苦 ,,,,,,,,,,,,,,,,,,,,,,
阳黄,肝胆湿热证,纳呆厌油 ,,,,,,,,,,,,,,,,,,,,,,
阳黄,肝胆湿热证,恶心欲吐 ,,,,,,,,,,,,,,,,,,,,,,
阳黄,肝胆湿热证,腹满胁痛 ,,,,,,,,,,,,,,,,,,,,,,
阳黄,肝胆湿热证,大便秘结或呈灰白色 ,,,,,,,,,,,,,,,,,,,,,,
阳黄,肝胆湿热证,尿黄 ,,,,,,,,,,,,,,,,,,,,,,
阳黄,肝胆湿热证,舌红 ,,,,,,,,,,,,,,,,,,,,,,
阳黄,肝胆湿热证,苔黄腻 ,,,,,,,,,,,,,,,,,,,,,,
阳黄,肝胆湿热证,脉滑数,,,,,,,,,,,,,,,,,,,,,,
阳黄,湿困脾胃证,身目俱黄 ,,,,,,,,,,,,,,,,,,,,,,
阳黄,湿困脾胃证,黄色晦滞 ,,,,,,,,,,,,,,,,,,,,,,
阳黄,湿困脾胃证,头重身困 ,,,,,,,,,,,,,,,,,,,,,,
阳黄,湿困脾胃证,胸脘痞满 ,,,,,,,,,,,,,,,,,,,,,,
阳黄,湿困脾胃证,恶心纳少 ,,,,,,,,,,,,,,,,,,,,,,
阳黄,湿困脾胃证,腹胀 ,,,,,,,,,,,,,,,,,,,,,,
阳黄,湿困脾胃证,大便溏垢 ,,,,,,,,,,,,,,,,,,,,,,
阳黄,湿困脾胃证,苔腻微黄 ,,,,,,,,,,,,,,,,,,,,,,
阳黄,湿困脾胃证,脉弦滑或濡缓,,,,,,,,,,,,,,,,,,,,,,
阳黄,胆腑郁热证,身目发黄鲜明 ,,,,,,,,,,,,,,,,,,,,,,
阳黄,胆腑郁热证,右胁剧痛且放射至肩背 ,,,,,,,,,,,,,,,,,,,,,,
阳黄,胆腑郁热证,壮热或寒热往来 ,,,,,,,,,,,,,,,,,,,,,,
阳黄,胆腑郁热证,口苦咽干 ,,,,,,,,,,,,,,,,,,,,,,
阳黄,胆腑郁热证,呕逆 ,,,,,,,,,,,,,,,,,,,,,,
阳黄,胆腑郁热证,尿黄 ,,,,,,,,,,,,,,,,,,,,,,
阳黄,胆腑郁热证,便秘 ,,,,,,,,,,,,,,,,,,,,,,
阳黄,胆腑郁热证,舌红 ,,,,,,,,,,,,,,,,,,,,,,
阳黄,胆腑郁热证,苔黄干 ,,,,,,,,,,,,,,,,,,,,,,
阳黄,胆腑郁热证,脉弦数,,,,,,,,,,,,,,,,,,,,,,
阳黄,,病程长 ,,,,,,,,,,,,,,,,,,,,,,
阳黄,,皮肤巩膜黄色晦暗如烟熏,,,,,,,,,,,,,,,,,,,,,,
阴黄,寒湿证,身目俱黄 ,,,,,,,,,,,,,,,,,,,,,,
阴黄,寒湿证,黄色晦暗不泽 ,,,,,,,,,,,,,,,,,,,,,,
阴黄,寒湿证,如烟熏 ,,,,,,,,,,,,,,,,,,,,,,
阴黄,寒湿证,痞满食少 ,,,,,,,,,,,,,,,,,,,,,,
阴黄,寒湿证,神疲畏寒 ,,,,,,,,,,,,,,,,,,,,,,
阴黄,寒湿证,腹胀便溏 ,,,,,,,,,,,,,,,,,,,,,,
阴黄,寒湿证,口淡不渴 ,,,,,,,,,,,,,,,,,,,,,,
阴黄,寒湿证,舌淡 ,,,,,,,,,,,,,,,,,,,,,,
阴黄,寒湿证,苔白腻 ,,,,,,,,,,,,,,,,,,,,,,
阴黄,寒湿证,脉濡缓或沉迟,,,,,,,,,,,,,,,,,,,,,,
阴黄,血瘀肝郁证,身目发黄而晦暗 ,,,,,,,,,,,,,,,,,,,,,,
阴黄,血瘀肝郁证,面色黧黑 ,,,,,,,,,,,,,,,,,,,,,,
阴黄,血瘀肝郁证,胁下或有痞块 ,,,,,,,,,,,,,,,,,,,,,,
阴黄,血瘀肝郁证,疼痛如刺 ,,,,,,,,,,,,,,,,,,,,,,
阴黄,血瘀肝郁证,隐痛不休 ,,,,,,,,,,,,,,,,,,,,,,
阴黄,血瘀肝郁证,皮肤可见红丝赤缕 ,,,,,,,,,,,,,,,,,,,,,,
阴黄,血瘀肝郁证,见手掌赤痕 ,,,,,,,,,,,,,,,,,,,,,,
阴黄,血瘀肝郁证,舌紫暗或有瘀斑 ,,,,,,,,,,,,,,,,,,,,,,
阴黄,血瘀肝郁证,苔白 ,,,,,,,,,,,,,,,,,,,,,,
阴黄,血瘀肝郁证,脉弦涩,,,,,,,,,,,,,,,,,,,,,,
阴黄,湿热[蕴结]证,脘痞腹胀,,,,,,,,,,,,,,,,,,,,,,
阴黄,湿热[蕴结]证, 胁肋隐痛 ,,,,,,,,,,,,,,,,,,,,,,
阴黄,湿热[蕴结]证,饮食减少 ,,,,,,,,,,,,,,,,,,,,,,
阴黄,湿热[蕴结]证,口中干苦 ,,,,,,,,,,,,,,,,,,,,,,
阴黄,湿热[蕴结]证,小便黄赤 ,,,,,,,,,,,,,,,,,,,,,,
阴黄,湿热[蕴结]证,苔腻 ,,,,,,,,,,,,,,,,,,,,,,
阴黄,湿热[蕴结]证,脉濡数,,,,,,,,,,,,,,,,,,,,,,
阴黄,肝脾不调证,脘腹痞闷,,,,,,,,,,,,,,,,,,,,,,
阴黄,肝脾不调证, 肢倦乏力 ,,,,,,,,,,,,,,,,,,,,,,
阴黄,肝脾不调证,胁肋隐痛不适,,,,,,,,,,,,,,,,,,,,,,
阴黄,肝脾不调证, 纳食不香 ,,,,,,,,,,,,,,,,,,,,,,
阴黄,肝脾不调证,大便不调 ,,,,,,,,,,,,,,,,,,,,,,
阴黄,肝脾不调证,苔薄白 ,,,,,,,,,,,,,,,,,,,,,,
阴黄,肝脾不调证,脉细弦,,,,,,,,,,,,,,,,,,,,,,
阴黄,阳虚寒凝证,身目俱黄 ,,,,,,,,,,,,,,,,,,,,,,
阴黄,阳虚寒凝证,黄色晦暗 ,,,,,,,,,,,,,,,,,,,,,,
阴黄,阳虚寒凝证,纳少脘闷 ,,,,,,,,,,,,,,,,,,,,,,
阴黄,阳虚寒凝证,腹胀便溏 ,,,,,,,,,,,,,,,,,,,,,,
阴黄,阳虚寒凝证,神疲畏寒 ,,,,,,,,,,,,,,,,,,,,,,
阴黄,阳虚寒凝证,口淡不渴 ,,,,,,,,,,,,,,,,,,,,,,
阴黄,阳虚寒凝证,舌淡 ,,,,,,,,,,,,,,,,,,,,,,
阴黄,阳虚寒凝证,苔白腻 ,,,,,,,,,,,,,,,,,,,,,,
阴黄,阳虚寒凝证,脉濡滑或沉迟,,,,,,,,,,,,,,,,,,,,,,
阴黄,脾虚湿困证,面目及肌肤淡黄 ,,,,,,,,,,,,,,,,,,,,,,
阴黄,脾虚湿困证,晦暗不泽 ,,,,,,,,,,,,,,,,,,,,,,
阴黄,脾虚湿困证,肢软乏力,,,,,,,,,,,,,,,,,,,,,,
阴黄,脾虚湿困证, 心悸气短 ,,,,,,,,,,,,,,,,,,,,,,
阴黄,脾虚湿困证,大便溏薄,,,,,,,,,,,,,,,,,,,,,,
阴黄,脾虚湿困证, 舌淡,,,,,,,,,,,,,,,,,,,,,,
阴黄,脾虚湿困证, 苔薄 ,,,,,,,,,,,,,,,,,,,,,,
阴黄,脾虚湿困证,脉濡细,,,,,,,,,,,,,,,,,,,,,,
五疸,,黄疸、谷疸、酒疸、女劳疸、黑疸五种黄疸的合称。,,,,,,,,,,,,,,,,,,,,,,
谷疸,,饥饱不适 胃中满塞 谷气未化 湿热熏蒸 胆液外泄所致的黄疸病。,,,,,,,,,,,,,,,,,,,,,,
酒疸,,饮酒过度 湿热郁蒸 胆液外泄所致的黄疸病。,,,,,,,,,,,,,,,,,,,,,,
女劳疸,,发热恶寒 ,,,,,,,,,,,,,,,,,,,,,,
女劳疸,,身黄 ,,,,,,,,,,,,,,,,,,,,,,
女劳疸,,额黑 ,,,,,,,,,,,,,,,,,,,,,,
女劳疸,,腹胀 ,,,,,,,,,,,,,,,,,,,,,,
女劳疸,,小腹满 ,,,,,,,,,,,,,,,,,,,,,,
女劳疸,,小便不利 ,,,,,,,,,,,,,,,,,,,,,,
女劳疸,,大便或黑或溏,,,,,,,,,,,,,,,,,,,,,,
黑疸,,疲乏无力 ,,,,,,,,,,,,,,,,,,,,,,
黑疸,,消瘦 ,,,,,,,,,,,,,,,,,,,,,,
黑疸,,肤色黧黑,,,,,,,,,,,,,,,,,,,,,,
蚕豆黄,,目微黄 ,,,,,,,,,,,,,,,,,,,,,,
蚕豆黄,,尿如浓红茶或甚至如酱油 ,,,,,,,,,,,,,,,,,,,,,,
蚕豆黄,,全身不适 ,,,,,,,,,,,,,,,,,,,,,,
蚕豆黄,,疲倦乏力 ,,,,,,,,,,,,,,,,,,,,,,
蚕豆黄,,畏寒发热 ,,,,,,,,,,,,,,,,,,,,,,
蚕豆黄,,头晕头痛,,,,,,,,,,,,,,,,,,,,,,
蚕豆黄,, 厌食 ,,,,,,,,,,,,,,,,,,,,,,
蚕豆黄,,恶心呕吐,,,,,,,,,,,,,,,,,,,,,,
蚕豆黄,, 腹痛 ,,,,,,,,,,,,,,,,,,,,,,
蚕豆黄,,面色苍白 ,,,,,,,,,,,,,,,,,,,,,,
蚕豆黄,,心悸 ,,,,,,,,,,,,,,,,,,,,,,
蚕豆黄,,烦躁 ,,,,,,,,,,,,,,,,,,,,,,
蚕豆黄,,神呆 ,,,,,,,,,,,,,,,,,,,,,,
蚕豆黄,,少尿,,,,,,,,,,,,,,,,,,,,,,
蚕豆黄,, 脉细弱,,,,,,,,,,,,,,,,,,,,,,
肝温,,先寒后热 ,,,,,,,,,,,,,,,,,,,,,,
肝温,,颈筋挛牵 ,,,,,,,,,,,,,,,,,,,,,,
肝温,,面目赤黄 ,,,,,,,,,,,,,,,,,,,,,,
肝温,,身中直强,,,,,,,,,,,,,,,,,,,,,,
病毒性肝炎,,由肝炎病毒所致的全身性传染病。,,,,,,,,,,,,,,,,,,,,,,
虚黄,,面目肌肤发黄 ,,,,,,,,,,,,,,,,,,,,,,
虚黄,,黄色较淡 ,,,,,,,,,,,,,,,,,,,,,,
虚黄,,气短乏力 ,,,,,,,,,,,,,,,,,,,,,,
虚黄,,头晕心悸 ,,,,,,,,,,,,,,,,,,,,,,
虚黄,,脘腹不舒 ,,,,,,,,,,,,,,,,,,,,,,
虚黄,,纳呆便溏 ,,,,,,,,,,,,,,,,,,,,,,
虚黄,,见胁肋疼痛 ,,,,,,,,,,,,,,,,,,,,,,
虚黄,,腹中结块 ,,,,,,,,,,,,,,,,,,,,,,
虚黄,,夜间小便如浓茶,,,,,,,,,,,,,,,,,,,,,,
肝热病,,小便黄,,,,,,,,,,,,,,,,,,,,,,
肝热病,, 胁腹满痛 ,,,,,,,,,,,,,,,,,,,,,,
肝热病,,身热 ,,,,,,,,,,,,,,,,,,,,,,
肝热病,,躁狂不安或嗜睡,,,,,,,,,,,,,,,,,,,,,,
肝著,,右胁或胸胁重着疼痛 ,,,,,,,,,,,,,,,,,,,,,,
肝著,,右胁下肿块 ,,,,,,,,,,,,,,,,,,,,,,
肝著,,喜按喜揉,,,,,,,,,,,,,,,,,,,,,,
肝硬化,,右胁胀痛坚硬 ,,,,,,,,,,,,,,,,,,,,,,
肝硬化,,恶心纳差 ,,,,,,,,,,,,,,,,,,,,,,
肝硬化,,倦怠乏力 ,,,,,,,,,,,,,,,,,,,,,,
肝硬化,,腹筋怒张 ,,,,,,,,,,,,,,,,,,,,,,
肝硬化,,红丝赤缕 ,,,,,,,,,,,,,,,,,,,,,,
肝硬化,,舌紫暗 ,,,,,,,,,,,,,,,,,,,,,,
肝硬化,,脉弦,,,,,,,,,,,,,,,,,,,,,,
红丝赤缕,,头颈胸臂等处皮肤浅表血管扩张呈红丝状的表现。,,,,,,,,,,,,,,,,,,,,,,
腹筋怒张,,腹壁和脐周静脉曲张的表现。,,,,,,,,,,,,,,,,,,,,,,
臌胀[病],,腹部膨胀如鼓 ,,,,,,,,,,,,,,,,,,,,,,
臌胀[病],,腹皮青筋显露 ,,,,,,,,,,,,,,,,,,,,,,
臌胀[病],,肤色苍黄,,,,,,,,,,,,,,,,,,,,,,
臌胀,气滞湿阻证,腹大腹满 ,,,,,,,,,,,,,,,,,,,,,,
臌胀,气滞湿阻证,胀而不坚 ,,,,,,,,,,,,,,,,,,,,,,
臌胀,气滞湿阻证,胁下痞胀或疼痛 ,,,,,,,,,,,,,,,,,,,,,,
臌胀,气滞湿阻证,恶心欲吐 ,,,,,,,,,,,,,,,,,,,,,,
臌胀,气滞湿阻证,纳食减少 ,,,,,,,,,,,,,,,,,,,,,,
臌胀,气滞湿阻证,食后胀甚 ,,,,,,,,,,,,,,,,,,,,,,
臌胀,气滞湿阻证,嗳气 ,,,,,,,,,,,,,,,,,,,,,,
臌胀,气滞湿阻证,肢体困重 ,,,,,,,,,,,,,,,,,,,,,,
臌胀,气滞湿阻证,头晕嗜睡 ,,,,,,,,,,,,,,,,,,,,,,
臌胀,气滞湿阻证,小便短少 ,,,,,,,,,,,,,,,,,,,,,,
臌胀,气滞湿阻证,大便不爽 ,,,,,,,,,,,,,,,,,,,,,,
臌胀,气滞湿阻证,舌淡,,,,,,,,,,,,,,,,,,,,,,
臌胀,气滞湿阻证,苔白腻,,,,,,,,,,,,,,,,,,,,,,
臌胀,气滞湿阻证,脉弦,,,,,,,,,,,,,,,,,,,,,,
臌胀,水热蕴结证,腹大坚满 ,,,,,,,,,,,,,,,,,,,,,,
臌胀,水热蕴结证,脘腹胀急 ,,,,,,,,,,,,,,,,,,,,,,
臌胀,水热蕴结证,烦热口苦 ,,,,,,,,,,,,,,,,,,,,,,
臌胀,水热蕴结证,渴不欲饮 ,,,,,,,,,,,,,,,,,,,,,,
臌胀,水热蕴结证,有面、目、皮肤发黄 ,,,,,,,,,,,,,,,,,,,,,,
臌胀,水热蕴结证,小便赤涩 ,,,,,,,,,,,,,,,,,,,,,,
臌胀,水热蕴结证,大便秘结或溏垢 ,,,,,,,,,,,,,,,,,,,,,,
臌胀,水热蕴结证,舌边尖红 ,,,,,,,,,,,,,,,,,,,,,,
臌胀,水热蕴结证,苔黄腻或兼灰黑 ,,,,,,,,,,,,,,,,,,,,,,
臌胀,水热蕴结证,脉弦数,,,,,,,,,,,,,,,,,,,,,,
臌胀,肝脾血瘀证,腹大坚满 ,,,,,,,,,,,,,,,,,,,,,,
臌胀,肝脾血瘀证,按之不陷而硬 ,,,,,,,,,,,,,,,,,,,,,,
臌胀,肝脾血瘀证,青筋怒张,,,,,,,,,,,,,,,,,,,,,,
臌胀,肝脾血瘀证, 胁腹刺痛拒按 ,,,,,,,,,,,,,,,,,,,,,,
臌胀,肝脾血瘀证,面色晦暗 ,,,,,,,,,,,,,,,,,,,,,,
臌胀,肝脾血瘀证,红丝赤缕 ,,,,,,,,,,,,,,,,,,,,,,
臌胀,肝脾血瘀证,唇色紫褐 ,,,,,,,,,,,,,,,,,,,,,,
臌胀,肝脾血瘀证,大便色黑 ,,,,,,,,,,,,,,,,,,,,,,
臌胀,肝脾血瘀证,肌肤甲错 ,,,,,,,,,,,,,,,,,,,,,,
臌胀,肝脾血瘀证,口干不欲饮水 ,,,,,,,,,,,,,,,,,,,,,,
臌胀,肝脾血瘀证,舌紫暗或边有瘀斑 ,,,,,,,,,,,,,,,,,,,,,,
臌胀,肝脾血瘀证,脉细涩,,,,,,,,,,,,,,,,,,,,,,
臌胀,瘀结水留证,脘腹坚满 ,,,,,,,,,,,,,,,,,,,,,,
臌胀,瘀结水留证,青筋显露 ,,,,,,,,,,,,,,,,,,,,,,
臌胀,瘀结水留证,胁下Y结痛如针刺 ,,,,,,,,,,,,,,,,,,,,,,
臌胀,瘀结水留证,面色晦暗黧黑 面、颈、胸、,,,,,,,,,,,,,,,,,,,,,,
臌胀,瘀结水留证,臂出现红丝赤缕 ,,,,,,,,,,,,,,,,,,,,,,
臌胀,瘀结水留证,口干不欲饮水 ,,,,,,,,,,,,,,,,,,,,,,
臌胀,瘀结水留证,大便色黑 ,,,,,,,,,,,,,,,,,,,,,,
臌胀,瘀结水留证,舌紫暗或有紫斑,,,,,,,,,,,,,,,,,,,,,,
臌胀,瘀结水留证, 脉细涩,,,,,,,,,,,,,,,,,,,,,,
臌胀,脾肾阳虚证,腹部胀满 力,,,,,,,,,,,,,,,,,,,,,,
臌胀,脾肾阳虚证,脘闷纳呆 ,,,,,,,,,,,,,,,,,,,,,,
臌胀,脾肾阳虚证,入暮较甚 ,,,,,,,,,,,,,,,,,,,,,,
臌胀,脾肾阳虚证,畏寒肢冷 ,,,,,,,,,,,,,,,,,,,,,,
臌胀,脾肾阳虚证,面色s白 ,,,,,,,,,,,,,,,,,,,,,,
臌胀,脾肾阳虚证,腰酸 ,,,,,,,,,,,,,,,,,,,,,,
臌胀,脾肾阳虚证,腹部冷痛 ,,,,,,,,,,,,,,,,,,,,,,
臌胀,脾肾阳虚证,久泻久痢 ,,,,,,,,,,,,,,,,,,,,,,
臌胀,脾肾阳虚证,完谷不化 ,,,,,,,,,,,,,,,,,,,,,,
臌胀,脾肾阳虚证,浮肿尿少 ,,,,,,,,,,,,,,,,,,,,,,
臌胀,脾肾阳虚证,舌淡胖,,,,,,,,,,,,,,,,,,,,,,
臌胀,脾肾阳虚证, 苔白滑 ,,,,,,,,,,,,,,,,,,,,,,
臌胀,脾肾阳虚证,脉沉迟无,,,,,,,,,,,,,,,,,,,,,,
臌胀,肝肾阴虚证,腹大坚满 ,,,,,,,,,,,,,,,,,,,,,,
臌胀,肝肾阴虚证,青筋暴露 ,,,,,,,,,,,,,,,,,,,,,,
臌胀,肝肾阴虚证,形体消瘦 ,,,,,,,,,,,,,,,,,,,,,,
臌胀,肝肾阴虚证,面色黧黑 ,,,,,,,,,,,,,,,,,,,,,,
臌胀,肝肾阴虚证,唇紫口燥 ,,,,,,,,,,,,,,,,,,,,,,
臌胀,肝肾阴虚证,晕眩耳鸣 ,,,,,,,,,,,,,,,,,,,,,,
臌胀,肝肾阴虚证,五心烦热 ,,,,,,,,,,,,,,,,,,,,,,
臌胀,肝肾阴虚证,低热颧红 ,,,,,,,,,,,,,,,,,,,,,,
臌胀,肝肾阴虚证,齿鼻有时衄血 ,,,,,,,,,,,,,,,,,,,,,,
臌胀,肝肾阴虚证,小便短赤 ,,,,,,,,,,,,,,,,,,,,,,
臌胀,肝肾阴虚证,舌红绛少津,,,,,,,,,,,,,,,,,,,,,,
臌胀,肝肾阴虚证,脉弦细数,,,,,,,,,,,,,,,,,,,,,,
臌胀,阴虚水停证,腹大胀满,,,,,,,,,,,,,,,,,,,,,,
臌胀,阴虚水停证, 见青筋暴露 ,,,,,,,,,,,,,,,,,,,,,,
臌胀,阴虚水停证,面色晦滞 ,,,,,,,,,,,,,,,,,,,,,,
臌胀,阴虚水停证,唇紫 ,,,,,,,,,,,,,,,,,,,,,,
臌胀,阴虚水停证,口干而燥 ,,,,,,,,,,,,,,,,,,,,,,
臌胀,阴虚水停证,心烦失眠,,,,,,,,,,,,,,,,,,,,,,
臌胀,阴虚水停证, 时或鼻衄 ,,,,,,,,,,,,,,,,,,,,,,
臌胀,阴虚水停证,牙龈出血 ,,,,,,,,,,,,,,,,,,,,,,
臌胀,阴虚水停证,小便短少 ,,,,,,,,,,,,,,,,,,,,,,
臌胀,阴虚水停证,舌红绛少津 ,,,,,,,,,,,,,,,,,,,,,,
臌胀,阴虚水停证,苔少或光剥 ,,,,,,,,,,,,,,,,,,,,,,
臌胀,阴虚水停证,脉弦细数,,,,,,,,,,,,,,,,,,,,,,
臌胀,正虚邪恋证,腹大胀满不舒 ,,,,,,,,,,,,,,,,,,,,,,
臌胀,正虚邪恋证,朝宽暮急 ,,,,,,,,,,,,,,,,,,,,,,
臌胀,正虚邪恋证,神倦懒动,,,,,,,,,,,,,,,,,,,,,,
臌胀,正虚邪恋证, 气短声怯 ,,,,,,,,,,,,,,,,,,,,,,
臌胀,正虚邪恋证,骨瘦如柴 ,,,,,,,,,,,,,,,,,,,,,,
臌胀,正虚邪恋证,面色苍黄或s白 ,,,,,,,,,,,,,,,,,,,,,,
臌胀,正虚邪恋证,腰膝冷痛 ,,,,,,,,,,,,,,,,,,,,,,
臌胀,正虚邪恋证,畏寒肢冷 ,,,,,,,,,,,,,,,,,,,,,,
臌胀,正虚邪恋证,男子阳痿 ,,,,,,,,,,,,,,,,,,,,,,
臌胀,正虚邪恋证,女子停经;,,,,,,,,,,,,,,,,,,,,,,
臌胀,正虚邪恋证,五心烦热 ,,,,,,,,,,,,,,,,,,,,,,
臌胀,正虚邪恋证,肌肤甲错 ,,,,,,,,,,,,,,,,,,,,,,
臌胀,正虚邪恋证,头晕耳鸣 ,,,,,,,,,,,,,,,,,,,,,,
臌胀,正虚邪恋证,少寐盗汗,,,,,,,,,,,,,,,,,,,,,,
臌胀,寒湿凝滞证,腹大坚满 ,,,,,,,,,,,,,,,,,,,,,,
臌胀,寒湿凝滞证,按之如囊裹水 ,,,,,,,,,,,,,,,,,,,,,,
臌胀,寒湿凝滞证,胸腹胀满 ,,,,,,,,,,,,,,,,,,,,,,
臌胀,寒湿凝滞证,得热稍舒 ,,,,,,,,,,,,,,,,,,,,,,
臌胀,寒湿凝滞证,身重头重 ,,,,,,,,,,,,,,,,,,,,,,
臌胀,寒湿凝滞证,畏寒肢肿 ,,,,,,,,,,,,,,,,,,,,,,
臌胀,寒湿凝滞证,小便短少 ,,,,,,,,,,,,,,,,,,,,,,
臌胀,寒湿凝滞证,大便溏薄 ,,,,,,,,,,,,,,,,,,,,,,
臌胀,寒湿凝滞证,苔白腻而滑 ,,,,,,,,,,,,,,,,,,,,,,
臌胀,寒湿凝滞证,脉濡缓或弦迟,,,,,,,,,,,,,,,,,,,,,,
臌胀,脾虚湿困证,腹部胀满 ,,,,,,,,,,,,,,,,,,,,,,
臌胀,脾虚湿困证,肠鸣便溏 ,,,,,,,,,,,,,,,,,,,,,,
臌胀,脾虚湿困证,面色萎黄 ,,,,,,,,,,,,,,,,,,,,,,
臌胀,脾虚湿困证,神疲乏力 ,,,,,,,,,,,,,,,,,,,,,,
臌胀,脾虚湿困证,四肢无力 ,,,,,,,,,,,,,,,,,,,,,,
臌胀,脾虚湿困证,少气懒言 ,,,,,,,,,,,,,,,,,,,,,,
臌胀,脾虚湿困证,舌淡胖有齿痕 ,,,,,,,,,,,,,,,,,,,,,,
臌胀,脾虚湿困证,苔薄腻 ,,,,,,,,,,,,,,,,,,,,,,
臌胀,脾虚湿困证,脉沉弱,,,,,,,,,,,,,,,,,,,,,,
气臌,,腹胀 ,,,,,,,,,,,,,,,,,,,,,,
气臌,,全身头面肿胀,,,,,,,,,,,,,,,,,,,,,,
水臌,,腹满胀大,,,,,,,,,,,,,,,,,,,,,,
酒臌,,腹部胀大 ,,,,,,,,,,,,,,,,,,,,,,
酒臌,,消瘦 ,,,,,,,,,,,,,,,,,,,,,,
酒臌,,体弱无力 ,,,,,,,,,,,,,,,,,,,,,,
酒臌,,厌食 ,,,,,,,,,,,,,,,,,,,,,,
酒臌,,齿衄鼻衄,,,,,,,,,,,,,,,,,,,,,,
肝痈,,急起发热 ,,,,,,,,,,,,,,,,,,,,,,
肝痈,,右胁腹部疼痛拒按 ,,,,,,,,,,,,,,,,,,,,,,
肝痈,,右胁下肿块,,,,,,,,,,,,,,,,,,,,,,
肝癌,,发生于肝脏的癌病。,,,,,,,,,,,,,,,,,,,,,,
肝癌,气滞血瘀证,胁下痞块巨大 ,,,,,,,,,,,,,,,,,,,,,,
肝癌,气滞血瘀证,胁痛引背 ,,,,,,,,,,,,,,,,,,,,,,
肝癌,气滞血瘀证,拒按 ,,,,,,,,,,,,,,,,,,,,,,
肝癌,气滞血瘀证,入夜更甚 ,,,,,,,,,,,,,,,,,,,,,,
肝癌,气滞血瘀证,脘腹胀满 ,,,,,,,,,,,,,,,,,,,,,,
肝癌,气滞血瘀证,食欲不振 ,,,,,,,,,,,,,,,,,,,,,,
肝癌,气滞血瘀证,大便溏结不调 ,,,,,,,,,,,,,,,,,,,,,,
肝癌,气滞血瘀证,倦怠乏力 ,,,,,,,,,,,,,,,,,,,,,,
肝癌,气滞血瘀证,舌紫暗有瘀点、瘀斑 ,,,,,,,,,,,,,,,,,,,,,,
肝癌,气滞血瘀证,脉沉细或弦涩,,,,,,,,,,,,,,,,,,,,,,
肝癌,湿热蕴毒证,心烦易怒 ,,,,,,,,,,,,,,,,,,,,,,
肝癌,湿热蕴毒证,身黄目黄 ,,,,,,,,,,,,,,,,,,,,,,
肝癌,湿热蕴毒证,口干口苦 ,,,,,,,,,,,,,,,,,,,,,,
肝癌,湿热蕴毒证,食少 ,,,,,,,,,,,,,,,,,,,,,,
肝癌,湿热蕴毒证,腹胀满 ,,,,,,,,,,,,,,,,,,,,,,
肝癌,湿热蕴毒证,胁肋刺痛 ,,,,,,,,,,,,,,,,,,,,,,
肝癌,湿热蕴毒证,溲赤便干 ,,,,,,,,,,,,,,,,,,,,,,
肝癌,湿热蕴毒证,舌紫暗 ,,,,,,,,,,,,,,,,,,,,,,
肝癌,湿热蕴毒证,苔黄腻 ,,,,,,,,,,,,,,,,,,,,,,
肝癌,湿热蕴毒证,脉弦滑或滑数,,,,,,,,,,,,,,,,,,,,,,
肝癌,脾虚湿困证,上腹结块 ,,,,,,,,,,,,,,,,,,,,,,
肝癌,脾虚湿困证,按之疼痛 ,,,,,,,,,,,,,,,,,,,,,,
肝癌,脾虚湿困证,腹大胀满 ,,,,,,,,,,,,,,,,,,,,,,
肝癌,脾虚湿困证,如囊裹水 ,,,,,,,,,,,,,,,,,,,,,,
肝癌,脾虚湿困证,身重纳呆 ,,,,,,,,,,,,,,,,,,,,,,
肝癌,脾虚湿困证,神疲乏力 ,,,,,,,,,,,,,,,,,,,,,,
肝癌,脾虚湿困证,大便溏薄 ,,,,,,,,,,,,,,,,,,,,,,
肝癌,脾虚湿困证,小便短少 ,,,,,,,,,,,,,,,,,,,,,,
肝癌,脾虚湿困证,肢酸足肿 ,,,,,,,,,,,,,,,,,,,,,,
肝癌,脾虚湿困证,舌淡胖 ,,,,,,,,,,,,,,,,,,,,,,
肝癌,脾虚湿困证,苔白腻 ,,,,,,,,,,,,,,,,,,,,,,
肝癌,脾虚湿困证,脉弦滑或濡,,,,,,,,,,,,,,,,,,,,,,
肝癌,肝肾阴虚证,胁肋隐痛 ,,,,,,,,,,,,,,,,,,,,,,
肝癌,肝肾阴虚证,绵绵不休 ,,,,,,,,,,,,,,,,,,,,,,
肝癌,肝肾阴虚证,腹满胀大 ,,,,,,,,,,,,,,,,,,,,,,
肝癌,肝肾阴虚证,青筋暴露 ,,,,,,,,,,,,,,,,,,,,,,
肝癌,肝肾阴虚证,兼五心烦热 ,,,,,,,,,,,,,,,,,,,,,,
肝癌,肝肾阴虚证,低热盗汗 ,,,,,,,,,,,,,,,,,,,,,,
肝癌,肝肾阴虚证,纳少消瘦 ,,,,,,,,,,,,,,,,,,,,,,
肝癌,肝肾阴虚证,头晕目眩 ,,,,,,,,,,,,,,,,,,,,,,
肝癌,肝肾阴虚证,呕血便血 ,,,,,,,,,,,,,,,,,,,,,,
肝癌,肝肾阴虚证,大便干结 ,,,,,,,,,,,,,,,,,,,,,,
肝癌,肝肾阴虚证,舌红 ,,,,,,,,,,,,,,,,,,,,,,
肝癌,肝肾阴虚证,少苔 ,,,,,,,,,,,,,,,,,,,,,,
肝癌,肝肾阴虚证,脉细数,,,,,,,,,,,,,,,,,,,,,,
肝癌,肝阴虚证,胁肋疼痛 ,,,,,,,,,,,,,,,,,,,,,,
肝癌,肝阴虚证,五心烦热 ,,,,,,,,,,,,,,,,,,,,,,
肝癌,肝阴虚证,数头晕目眩 ,,,,,,,,,,,,,,,,,,,,,,
肝癌,肝阴虚证,食少腹胀大 ,,,,,,,,,,,,,,,,,,,,,,
肝癌,肝阴虚证,青筋暴露 ,,,,,,,,,,,,,,,,,,,,,,
肝癌,肝阴虚证,甚则呕血、便血、皮下出血 ,,,,,,,,,,,,,,,,,,,,,,
肝癌,肝阴虚证,舌红 ,,,,,,,,,,,,,,,,,,,,,,
肝癌,肝阴虚证,少苔 ,,,,,,,,,,,,,,,,,,,,,,
肝癌,肝阴虚证,脉细,,,,,,,,,,,,,,,,,,,,,,
肝癌,肝气郁结证,右胁部胀痛 ,,,,,,,,,,,,,,,,,,,,,,
肝癌,肝气郁结证,胸闷不舒 ,,,,,,,,,,,,,,,,,,,,,,
肝癌,肝气郁结证,情志抑郁 ,,,,,,,,,,,,,,,,,,,,,,
肝癌,肝气郁结证,喜叹息 ,,,,,,,,,,,,,,,,,,,,,,
肝癌,肝气郁结证,纳呆食少,,,,,,,,,,,,,,,,,,,,,,
肝癌,肝气郁结证, 时有腹泻 ,,,,,,,,,,,,,,,,,,,,,,
肝癌,肝气郁结证,妇女乳房胀痛 ,,,,,,,,,,,,,,,,,,,,,,
肝癌,肝气郁结证,月经不调 ,,,,,,,,,,,,,,,,,,,,,,
肝癌,肝气郁结证,苔白,,,,,,,,,,,,,,,,,,,,,,
肝癌,肝气郁结证, 脉弦,,,,,,,,,,,,,,,,,,,,,,
胆癌,,发生于胆的癌病。,,,,,,,,,,,,,,,,,,,,,,
肝痨,,右胁痛 右,,,,,,,,,,,,,,,,,,,,,,
肝痨,,胁下肿块 ,,,,,,,,,,,,,,,,,,,,,,
肝痨,,潮热 ,,,,,,,,,,,,,,,,,,,,,,
肝痨,,盗汗,,,,,,,,,,,,,,,,,,,,,,
胁痛[病],,以一侧或两侧胁肋部疼痛为主要表现的疾病。,,,,,,,,,,,,,,,,,,,,,,
胁痛,肝气郁结证,胁肋部胀满疼痛 ,,,,,,,,,,,,,,,,,,,,,,
胁痛,肝气郁结证,走窜不定 ,,,,,,,,,,,,,,,,,,,,,,
胁痛,肝气郁结证,疼痛每因情志变动而增减,,,,,,,,,,,,,,,,,,,,,,
胁痛,肝气郁结证, 急躁易怒 ,,,,,,,,,,,,,,,,,,,,,,
胁痛,肝气郁结证,胸膈满闷 ,,,,,,,,,,,,,,,,,,,,,,
胁痛,肝气郁结证,饮食减少 ,,,,,,,,,,,,,,,,,,,,,,
胁痛,肝气郁结证,嗳气频作 ,,,,,,,,,,,,,,,,,,,,,,
胁痛,肝气郁结证,苔薄白 ,,,,,,,,,,,,,,,,,,,,,,
胁痛,肝气郁结证,脉弦,,,,,,,,,,,,,,,,,,,,,,
胁痛,胆腑郁热证,右胁灼热疼痛 ,,,,,,,,,,,,,,,,,,,,,,
胁痛,胆腑郁热证,绞痛或胀痛或钝痛或剧痛 ,,,,,,,,,,,,,,,,,,,,,,
胁痛,胆腑郁热证,疼痛放射至右肩胛 ,,,,,,,,,,,,,,,,,,,,,,
胁痛,胆腑郁热证,脘腹不舒 ,,,,,,,,,,,,,,,,,,,,,,
胁痛,胆腑郁热证,恶心呕吐 ,,,,,,,,,,,,,,,,,,,,,,
胁痛,胆腑郁热证,大便不畅或见黄疸或伴发热 ,,,,,,,,,,,,,,,,,,,,,,
胁痛,胆腑郁热证,舌红 ,,,,,,,,,,,,,,,,,,,,,,
胁痛,胆腑郁热证,苔黄 ,,,,,,,,,,,,,,,,,,,,,,
胁痛,胆腑郁热证,脉弦滑,,,,,,,,,,,,,,,,,,,,,,
胁痛,肝火胁痛证,急躁易怒 ,,,,,,,,,,,,,,,,,,,,,,
胁痛,肝火胁痛证,口苦咽干 ,,,,,,,,,,,,,,,,,,,,,,
胁痛,肝火胁痛证,舌红,,,,,,,,,,,,,,,,,,,,,,
胁痛,肝火胁痛证,苔黄,,,,,,,,,,,,,,,,,,,,,,
胁痛,肝火胁痛证, 脉弦数,,,,,,,,,,,,,,,,,,,,,,
胁痛,肝经湿热证,胁肋胀痛 ,,,,,,,,,,,,,,,,,,,,,,
胁痛,肝经湿热证,口苦 ,,,,,,,,,,,,,,,,,,,,,,
胁痛,肝经湿热证,脘腹痞闷 ,,,,,,,,,,,,,,,,,,,,,,
胁痛,肝经湿热证,胁痛牵及后背 ,,,,,,,,,,,,,,,,,,,,,,
胁痛,肝经湿热证,或恶心 ,,,,,,,,,,,,,,,,,,,,,,
胁痛,肝经湿热证,厌食油腻 ,,,,,,,,,,,,,,,,,,,,,,
胁痛,肝经湿热证,或有黄疸 ,,,,,,,,,,,,,,,,,,,,,,
胁痛,肝经湿热证,小便黄赤 ,,,,,,,,,,,,,,,,,,,,,,
胁痛,肝经湿热证,舌红 ,,,,,,,,,,,,,,,,,,,,,,
胁痛,肝经湿热证,苔黄腻 ,,,,,,,,,,,,,,,,,,,,,,
胁痛,肝经湿热证,脉滑数,,,,,,,,,,,,,,,,,,,,,,
胁痛,瘀血阻络证,患处固定刺痛 ,,,,,,,,,,,,,,,,,,,,,,
胁痛,瘀血阻络证,痛处不移 ,,,,,,,,,,,,,,,,,,,,,,
胁痛,瘀血阻络证,入夜更甚 ,,,,,,,,,,,,,,,,,,,,,,
胁痛,瘀血阻络证,胁肋下痞块 ,,,,,,,,,,,,,,,,,,,,,,
胁痛,瘀血阻络证,或见紫癍 ,,,,,,,,,,,,,,,,,,,,,,
胁痛,瘀血阻络证,或出血色暗 ,,,,,,,,,,,,,,,,,,,,,,
胁痛,瘀血阻络证,舌紫或有斑点 ,,,,,,,,,,,,,,,,,,,,,,
胁痛,瘀血阻络证,脉涩,,,,,,,,,,,,,,,,,,,,,,
胁痛,肝阴虚证,胁肋隐痛 ,,,,,,,,,,,,,,,,,,,,,,
胁痛,肝阴虚证,绵绵不已 ,,,,,,,,,,,,,,,,,,,,,,
胁痛,肝阴虚证,按之则舒 ,,,,,,,,,,,,,,,,,,,,,,
胁痛,肝阴虚证,遇劳加重 ,,,,,,,,,,,,,,,,,,,,,,
胁痛,肝阴虚证,口干咽燥 ,,,,,,,,,,,,,,,,,,,,,,
胁痛,肝阴虚证,心中烦热 ,,,,,,,,,,,,,,,,,,,,,,
胁痛,肝阴虚证,两目干涩 ,,,,,,,,,,,,,,,,,,,,,,
胁痛,肝阴虚证,头晕目眩 ,,,,,,,,,,,,,,,,,,,,,,
胁痛,肝阴虚证,舌红 ,,,,,,,,,,,,,,,,,,,,,,
胁痛,肝阴虚证,少苔 ,,,,,,,,,,,,,,,,,,,,,,
胁痛,肝阴虚证,脉弦细数,,,,,,,,,,,,,,,,,,,,,,
胁痛,肝虚证,胁肋隐隐作痛 ,,,,,,,,,,,,,,,,,,,,,,
胁痛,肝虚证,体虚乏力 ,,,,,,,,,,,,,,,,,,,,,,
胁痛,肝虚证,筋惕肉p或肌肉震颤,,,,,,,,,,,,,,,,,,,,,,
胆胀,,反复发作右上腹疼痛、痞胀,,,,,,,,,,,,,,,,,,,,,,
胆胀,肝胆气郁证,右胁胀满疼痛 ,,,,,,,,,,,,,,,,,,,,,,
胆胀,肝胆气郁证,连及右肩 ,,,,,,,,,,,,,,,,,,,,,,
胆胀,肝胆气郁证,遇怒加重 ,,,,,,,,,,,,,,,,,,,,,,
胆胀,肝胆气郁证,胸闷善太息 ,,,,,,,,,,,,,,,,,,,,,,
胆胀,肝胆气郁证,嗳气频作 ,,,,,,,,,,,,,,,,,,,,,,
胆胀,肝胆气郁证,吞酸嗳腐 ,,,,,,,,,,,,,,,,,,,,,,
胆胀,肝胆气郁证,舌淡 ,,,,,,,,,,,,,,,,,,,,,,
胆胀,肝胆气郁证,苔白腻 ,,,,,,,,,,,,,,,,,,,,,,
胆胀,肝胆气郁证,脉弦大,,,,,,,,,,,,,,,,,,,,,,
胆胀,胆腑郁热证,右胁部灼热疼痛 ,,,,,,,,,,,,,,,,,,,,,,
胆胀,胆腑郁热证,口苦咽干 ,,,,,,,,,,,,,,,,,,,,,,
胆胀,胆腑郁热证,面红目赤 ,,,,,,,,,,,,,,,,,,,,,,
胆胀,胆腑郁热证,大便秘结 ,,,,,,,,,,,,,,,,,,,,,,
胆胀,胆腑郁热证,小溲短赤 ,,,,,,,,,,,,,,,,,,,,,,
胆胀,胆腑郁热证,心烦失眠易怒 ,,,,,,,,,,,,,,,,,,,,,,
胆胀,胆腑郁热证,舌红 ,,,,,,,,,,,,,,,,,,,,,,
胆胀,胆腑郁热证,苔黄厚干 ,,,,,,,,,,,,,,,,,,,,,,
胆胀,胆腑郁热证,脉弦数,,,,,,,,,,,,,,,,,,,,,,
胆胀,肝胆湿热证,身目发黄 ,,,,,,,,,,,,,,,,,,,,,,
胆胀,肝胆湿热证,发热 ,,,,,,,,,,,,,,,,,,,,,,
胆胀,肝胆湿热证,口苦心烦 ,,,,,,,,,,,,,,,,,,,,,,
胆胀,肝胆湿热证,胁肋胀痛 ,,,,,,,,,,,,,,,,,,,,,,
胆胀,肝胆湿热证,胁下有痞块 ,,,,,,,,,,,,,,,,,,,,,,
胆胀,肝胆湿热证,纳呆厌油 ,,,,,,,,,,,,,,,,,,,,,,
胆胀,肝胆湿热证,恶心呕吐 ,,,,,,,,,,,,,,,,,,,,,,
胆胀,肝胆湿热证,尿黄 ,,,,,,,,,,,,,,,,,,,,,,
胆胀,肝胆湿热证,大便黏滞 ,,,,,,,,,,,,,,,,,,,,,,
胆胀,肝胆湿热证,舌红 ,,,,,,,,,,,,,,,,,,,,,,
胆胀,肝胆湿热证,苔黄腻 ,,,,,,,,,,,,,,,,,,,,,,
胆胀,肝胆湿热证,脉滑数,,,,,,,,,,,,,,,,,,,,,,
胆胀,气滞血瘀证,胸胁脘腹胀闷疼痛 ,,,,,,,,,,,,,,,,,,,,,,
胆胀,气滞血瘀证,偶有刺痛 ,,,,,,,,,,,,,,,,,,,,,,
胆胀,气滞血瘀证,痛有定处而拒暗 ,,,,,,,,,,,,,,,,,,,,,,
胆胀,气滞血瘀证,面色晦暗 ,,,,,,,,,,,,,,,,,,,,,,
胆胀,气滞血瘀证,口干口苦 ,,,,,,,,,,,,,,,,,,,,,,
胆胀,气滞血瘀证,有痞块 ,,,,,,,,,,,,,,,,,,,,,,
胆胀,气滞血瘀证,时消时聚 ,,,,,,,,,,,,,,,,,,,,,,
胆胀,气滞血瘀证,舌紫暗或有斑点 ,,,,,,,,,,,,,,,,,,,,,,
胆胀,气滞血瘀证,脉弦涩,,,,,,,,,,,,,,,,,,,,,,
胆胀,阴虚郁滞证,右胁隐隐作痛 ,,,,,,,,,,,,,,,,,,,,,,
胆胀,阴虚郁滞证,略有灼热感 ,,,,,,,,,,,,,,,,,,,,,,
胆胀,阴虚郁滞证,口燥咽干 ,,,,,,,,,,,,,,,,,,,,,,
胆胀,阴虚郁滞证,急躁易怒 ,,,,,,,,,,,,,,,,,,,,,,
胆胀,阴虚郁滞证,胸中烦热 ,,,,,,,,,,,,,,,,,,,,,,
胆胀,阴虚郁滞证,头晕目眩 ,,,,,,,,,,,,,,,,,,,,,,
胆胀,阴虚郁滞证,午后低热 ,,,,,,,,,,,,,,,,,,,,,,
胆胀,阴虚郁滞证,舌红 ,,,,,,,,,,,,,,,,,,,,,,
胆胀,阴虚郁滞证,少苔 ,,,,,,,,,,,,,,,,,,,,,,
胆胀,阴虚郁滞证,脉细数,,,,,,,,,,,,,,,,,,,,,,
胆胀,阳虚郁滞证,右胁隐隐胀痛,,,,,,,,,,,,,,,,,,,,,,
胆胀,阳虚郁滞证, 时作时止 ,,,,,,,,,,,,,,,,,,,,,,
胆胀,阳虚郁滞证,脘腹胀痛,,,,,,,,,,,,,,,,,,,,,,
胆胀,阳虚郁滞证, 呕吐清涎 ,,,,,,,,,,,,,,,,,,,,,,
胆胀,阳虚郁滞证,畏寒肢凉 ,,,,,,,,,,,,,,,,,,,,,,
胆胀,阳虚郁滞证,神疲气短 ,,,,,,,,,,,,,,,,,,,,,,
胆胀,阳虚郁滞证,乏力倦怠 ,,,,,,,,,,,,,,,,,,,,,,
胆胀,阳虚郁滞证,舌淡 ,,,,,,,,,,,,,,,,,,,,,,
胆胀,阳虚郁滞证,苔白腻 ,,,,,,,,,,,,,,,,,,,,,,
胆胀,阳虚郁滞证,脉弦弱无力,,,,,,,,,,,,,,,,,,,,,,
胆石,,发生于胆道的结石病。,,,,,,,,,,,,,,,,,,,,,,
